ISO3,DESPC,DESSC,DESWC,DESPL,DESPLd,DESSL,DESSLd,DESWLsy,DESWLsyd,DESWLlt,DESWLltd,PCNARz,PCNARp,PCSYNz,PCSYNp,PCCNCz,PCCNCp,PCREFz,PCREFp,PCDCz,PCDCp,PCVERBz,PCVERBp,PCCONNz,PCCONNp,PCTEMPz,PCTEMPp,CRFNO1,CRFAO1,CRFSO1,CRFNOa,CRFAOa,CRFSOa,CRFCWO1,CRFCWO1d,CRFCWOa,CRFCWOad,LSASS1,LSASS1d,LSASSp,LSASSpd,LSAPP1,LSAPP1d,LSAGN,LSAGNd,LDTTRc,LDTTRa,LDMTLD,LDVOCD,CNCAll,CNCCaus,CNCLogic,CNCADC,CNCTemp,CNCTempx,CNCAdd,CNCPos,CNCNeg,SMCAUSv,SMCAUSvp,SMINTEp,SMCAUSr,SMINTEr,SMCAUSlsa,SMCAUSwn,SMTEMP,SYNLE,SYNNP,SYNMEDpos,SYNMEDwrd,SYNMEDlem,SYNSTRUTa,SYNSTRUTt,DRNP,DRVP,DRAP,DRPP,DRPVAL,DRNEG,DRGERUND,DRINF,WRDNOUN,WRDVERB,WRDADJ,WRDADV,WRDPRO,WRDPRP1s,WRDPRP1p,WRDPRP2,WRDPRP3s,WRDPRP3p,WRDFRQc,WRDFRQa,WRDFRQmc,WRDAOAc,WRDFAMc,WRDCNCc,WRDIMGc,WRDMEAc,WRDPOLc,WRDHYPn,WRDHYPv,WRDHYPnv,RDFRE,RDFKGL,RDL2,Year
ALB,3,69,1680,23,9.164999962,24.72500038,16.0340004,1.899000049,1.195000052,5.501999855,3.233999968,-0.666999996,25.45999908,-0.209000006,42.06999969,-0.305000007,38.20999908,-0.871999979,19.21999931,0.282000005,61.02999878,-1.205000043,11.51000023,-3.375,0.039999999,-0.852999985,19.77000046,0.425999999,0.559000015,0.456,0.228,0.414000005,0.314999998,0.092,0.092,0.050999999,0.068999998,0.412,0.150000006,0.222000003,0.164000005,0.169,0.129999995,0.754999995,0.061999999,0.324000001,0.090999998,0.666999996,0.409000009,107.3170013,111.0790024,110.1190033,29.76199913,37.5,16.66699982,13.09500027,19.64299965,0,23.80999947,30.95199966,16.66699982,0.293000013,1.414000034,0.052000001,0.409000009,0.757000029,3.753999949,1.031000018,0.644999981,0.889999986,0.875999987,0.074000001,0.075999998,374.4049988,186.3099976,27.97599983,114.2860031,2.976000071,8.928999901,26.7859993,17.26199913,279.1669922,122.0240021,106.5469971,44.64199829,62.5,7.737999916,29.76199913,3.571000099,2.976000071,3.571000099,2.003000021,2.881000042,0.921999991,406.276001,555.6010132,349.8599854,394.6340027,430.2330017,3.38499999,5.915999889,1.766000032,1.838999987,21.4659996,16.31399918,8.796999931,2023
AGO,4,50,2594,12.5,3.108999968,52.54000092,28.07500076,1.779000044,1.111999989,5.223999977,3.127000093,-0.513999999,30.5,-2.364000082,0.910000026,0.001,50,0.184,57.13999939,1.353000045,91.15000153,0.349999994,63.68000031,-1.072000027,14.22999954,-1.409999967,7.929999828,0.633000016,0.754999995,0.776000023,0.493999988,0.647000015,0.625,0.072999999,0.059,0.057,0.055,0.49000001,0.138999999,0.293000013,0.105999999,0.245000005,0.119000003,0.73299998,0.045000002,0.352999985,0.086000003,0.64200002,0.35800001,90.66699982,80.85800171,94.06300354,35.08100128,33.53900146,6.93900013,13.49300003,20.04599953,0,13.49300003,27.75600052,4.241000175,1.027999997,5.75,0.064999998,0.492000014,0.672999978,4.360000134,1.055999994,0.601000011,0.861000001,0.851999998,0.046999998,0.039999999,389.3599854,189.2830048,23.12999916,140.3240051,6.93900013,6.93900013,18.88999939,28.52700043,279.4909973,112.1829987,86.73899841,44.33399963,41.24900055,5.012000084,16.19099998,0.771000028,2.698999882,7.710000038,2.095000029,3.049000025,1.02699995,404.4880066,558.9420166,354.8659973,393.1220093,429.20401,3.802000046,5.986000061,1.666000009,1.881999969,3.673000097,25.63500023,8.18900013,2023
AUS,4,146,2827,36.5,8.020999908,19.49300003,9.670999527,1.718000054,1.036000013,5.122000217,2.947000027,-0.680000007,24.82999992,0.007,50,0.129999995,55.16999817,-0.644999981,26.11000061,0,50,-0.34799999,36.68999863,-1.916000009,2.809999943,-1.324000001,9.340000153,0.393000007,0.592999995,0.469000012,0.224000007,0.412999988,0.287,0.105999999,0.108999997,0.059,0.081,0.365999997,0.131999999,0.194999993,0.135000005,0.115000002,0.115000002,0.755999982,0.075000003,0.305000007,0.082999997,0.579999983,0.338,97.03700256,111.961998,87.01799774,26.53000069,31.48200035,10.25800037,12.38099957,19.80900002,0,26.1760006,32.89699936,18.74799919,0.252999991,1.167000055,0.079000004,0.465000004,0.734000027,4.281000137,1.019000053,0.649999976,0.876999974,0.851999998,0.104000002,0.085000001,386.9830017,187.1239929,18.74799919,123.4520035,6.721000195,6.367000103,28.29899979,21.93099976,298.9039917,111.4260025,89.4940033,33.60499954,59.78099823,0.707000017,43.15499878,1.06099999,0,5.659999847,2.058000088,2.911999941,1.167000055,386.9660034,559.1740112,372.1589966,409.1900024,445.5130005,3.61500001,6.122000217,1.588000059,1.942999959,41.8390007,12.23400021,12.57699966,2023
AZE,4,100,2622,25,5.477000237,26.89999962,14.2869997,2.125999928,1.457000017,6.139999866,3.964999914,-1.26699996,10.38000011,-0.637000024,26.43000031,0,50,-0.449000001,33,-0.365999997,35.93999863,-1.103000045,13.56999969,-2.016000032,2.220000029,-1.049000025,14.92000008,0.596000016,0.676999986,0.646000028,0.472000003,0.532000005,0.56400001,0.090999998,0.074000001,0.059999999,0.066,0.090999998,0.032000002,0.280999988,0.192000002,0.206,0.177000001,0.828999996,0.086000003,0.361999989,0.104000002,0.646000028,0.393000007,108.5199966,99.34300232,85.81199646,21.3579998,26.6970005,6.864999771,15.63700008,16.01799965,0,20.2140007,25.17200089,12.58600044,0.240999997,1.353000045,0.048,0.444000006,0.763000011,5.909999847,1.075000048,0.628000021,0.883000016,0.870999992,0.078000002,0.068000004,398.1690063,151.4109955,24.02700043,159.4199982,2.670000076,2.670000076,24.02700043,15.25599957,330.2829895,108.3130035,118.9940033,34.70600128,28.60400009,1.144000053,9.916000366,0,1.906999946,2.288000107,1.894999981,2.905999899,1.139999986,402.1419983,551.9580078,372.2179871,407.8099976,433.677002,3.197999954,5.166999817,1.623999953,1.807000041,0.361999989,19.72299957,6.572000027,2023
BHS,2,75,1471,37.5,13.43500042,19.70700073,12.01000023,1.582999945,0.931999981,4.637000084,2.535000086,-0.171000004,43.25,0.116999999,54.38000107,-0.561999977,28.77000046,-0.806999981,21.19000053,1.166000009,87.69999695,0.746999979,77.04000092,-1.861999989,3.140000105,-0.508000016,30.85000038,0.351000011,0.432000011,0.405000001,0.167999998,0.291000009,0.239999995,0.105999999,0.108999997,0.054000001,0.093000002,0.243000001,0.101000004,0.171000004,0.157000005,0.081,0.123999998,0.707000017,0,0.308999985,0.136999995,0.637000024,0.389999986,80.48500061,108.8769989,100.6119995,35.34999847,46.22700119,9.517000198,20.3939991,32.63100052,0,18.35499954,29.23200035,21.0739994,0.57099998,1.5,0.101000004,0.648000002,0.783999979,4.559999943,0.966000021,0.67900002,0.897000015,0.866999984,0.119999997,0.096000001,355.5400085,194.4259949,28.55200005,114.2080002,5.438000202,15.63599968,12.91600037,20.3939991,272.6029968,114.8880005,70.69999695,48.94599915,67.3010025,6.118000031,29.23200035,6.118000031,4.758999825,14.27600002,2.286000013,3.085000038,1.529999971,368.0379944,564.9199829,360.8389893,400.446991,425.4060059,3.86500001,5.552999973,1.723999977,1.746999979,53.00600052,10.73799992,18.62299919,2023
BHR,5,50,2996,10,5.522999763,60.91999817,43.26499939,1.886999965,1.166000009,5.541999817,3.26699996,-1.401000023,8.079999924,-2.513000011,0.600000024,1.478000045,92.91999817,0.504000008,69.15000153,-0.191,42.47000122,-0.079000004,47.20999908,-2.834000111,0.230000004,-0.995000005,16.11000061,0.633000016,0.776000023,0.796000004,0.565999985,0.708000004,0.717000008,0.097000003,0.075000003,0.074000001,0.061999999,0.184,0.046999998,0.31099999,0.155000001,0.257999986,0.152999997,0.731000006,0.104999997,0.381999999,0.103,0.555999994,0.317000002,63.82600021,64.7519989,105.473999,24.03199959,22.6970005,0.667999983,8.67800045,17.69000053,0,9.345999718,10.34700012,4.672999859,0.103,4.732999802,0.052999999,0.483999997,0.745000005,7.460000038,1.351999998,0.611000001,0.850000024,0.837000012,0.050999999,0.046999998,409.2120056,119.8259964,10.01299953,153.2039948,2.335999966,0,27.0359993,19.69300079,354.4729919,77.77100372,108.8119965,15.68799973,36.38199997,2.003000021,7.008999825,2.003000021,4.672999859,4.339000225,1.837000012,2.928999901,0.99000001,410.9450073,549.0679932,381.8840027,421.95401,458.0310059,3.071000099,6.247000217,1.812000036,2.260999918,0,30.04500008,3.944000006,2023
BEL,2,44,284,22,21.21299934,5.863999844,7.039999962,1.129999995,0.42899999,2.615999937,2.171999931,-0.963,16.85000038,1.281000018,89.97000122,0.056000002,51.99000168,-1.23300004,10.93000031,-1.603999972,5.480000019,-0.495000005,31.20999908,-0.875,19.21999931,1.906999946,97.12999725,0.023,0.023,0.232999995,0.013,0.013,0.192000002,0.044,0.172000006,0.012,0.089000002,0,0,0.328000009,0.326999992,0.259000003,0.301999986,0.402999997,0,0.386000007,0.272000015,0.73299998,0.391000003,31.63400078,34.05400085,35.21099854,7.041999817,21.12700081,7.041999817,0,7.041999817,0,14.08500004,14.08500004,0,0,2,0.098999999,0.180999994,1,0.273000002,0.666999996,0.671999991,0.922999978,0.922999978,0.194999993,0.155000001,563.3800049,112.6760025,7.041999817,7.041999817,0,0,0,7.041999817,274.6480103,73.94400024,49.29600143,10.56299973,3.520999908,3.520999908,0,0,0,0,1.962000012,2.440000057,2.470000029,255,588.1430054,410.4289856,455.4289856,438,1.531000018,1.970000029,1.10800004,0.363000005,100,0.261000007,12.79100037,2023
BIH,5,85,3259,17,5.701000214,38.61199951,19.61300087,1.764999986,1.138000011,5.09800005,3.036999941,-0.421999991,33.72000122,-1.498000026,6.809999943,-0.463,32.27999878,0.653999984,74.22000122,0.912999988,81.86000061,0.667999983,74.54000092,-2.717999935,0.340000004,-0.657000005,25.78000069,0.702000022,0.773999989,0.762000024,0.476999998,0.633000016,0.601000011,0.135000005,0.109999999,0.086999997,0.088,0.416999996,0.136999995,0.277999997,0.173999995,0.218999997,0.145999998,0.73299998,0.120999999,0.377999991,0.097000003,0.470999986,0.261000007,74.47599792,81.86699677,112.9179993,29.45700073,40.19599915,13.19400024,21.17200089,15.03499985,0,12.27400017,20.55800056,7.05700016,0.658999979,3.25,0.105999999,0.515999973,0.779999971,8.071000099,1.021999955,0.60799998,0.856000006,0.842999995,0.059999999,0.052000001,384.7810059,155.5690002,23.62700081,150.3529968,6.443999767,9.512000084,16.26300049,15.03499985,267.2600098,87.4509964,96.96199799,47.56000137,48.17399979,6.137000084,19.63800049,2.148000002,0,10.43299961,2.198999882,3.092999935,1.393000007,400.8940125,569.5460205,350.1950073,385.177002,425.54599,3.555000067,5.997000217,1.567000031,1.700000048,18.60000038,20.19000053,14.52999973,2023
BWA,3,79,1498,26.33300018,22.72299957,19.12700081,15.04699993,1.84800005,1.128999949,5.460999966,3.224999905,-1.077000022,14.22999954,0.335000008,62.93000031,-0.734000027,23.27000046,-2.203000069,1.389999986,0.188999996,57.13999939,-0.999000013,16.11000061,-2.09800005,1.830000043,0.518000007,69.5,0.204999998,0.268999994,0.268999994,0.138999999,0.218999997,0.185000002,0.030999999,0.056000002,0.025,0.050000001,0.141000003,0.059,0.100000001,0.140000001,0.118000001,0.150000006,0.545000017,0.354999989,0.31400001,0.079000004,0.709999979,0.453000009,131.2460022,111.4520035,90.12000275,30.70800018,31.375,8.67800045,10.68099976,16.02099991,0,22.02899933,29.37199974,15.35400009,0.324000001,1.542000055,0.089000002,0.412999988,0.890999973,4.126999855,1.039999962,0.83099997,0.954999983,0.944999993,0.052000001,0.119999997,393.1910095,175.5670013,24.03199959,124.1660004,2.003000021,6.007999897,30.70800018,21.36199951,305.072998,110.8150024,101.4690018,33.37799835,50.06700134,7.342999935,18.69199944,5.340000153,0.667999983,6.007999897,1.886999965,2.842999935,1.014999986,408.5859985,553.6450195,362.769989,399.0029907,435.5490112,3.230999947,6.403999805,1.896999955,2.049999952,31.24799919,13.61200047,1.68599999,2023
BRA,4,93,2080,23.25,16.86000061,22.71999931,12.39400005,1.845000029,1.194000006,5.421000004,3.253999949,-1.001999974,15.86999989,-0.389999986,34.83000183,0.483999997,68.44000244,-1.366000056,8.68999958,-0.497000009,31.20999908,-0.790000021,21.47999954,-2.272000074,1.159999967,-2.048000097,2.069999933,0.272000015,0.477999985,0.358999997,0.158999994,0.335000008,0.230000004,0.052000001,0.063000001,0.035999998,0.055,0.314999998,0.129999995,0.185000002,0.115000002,0.118000001,0.112000003,0.653999984,0.140000001,0.291999996,0.081,0.726999998,0.437999994,119.8050003,106.4899979,87.01899719,22.11499977,23.55800056,8.654000282,9.614999771,16.82699966,0,24.03800011,29.80800056,14.42300034,0.234999999,1.322999954,0.061999999,0.331999987,0.65200001,4.71999979,1.034000039,0.643999994,0.89200002,0.875999987,0.082999997,0.079000004,392.7879944,197.1150055,19.71199989,126.9229965,5.288000107,3.845999956,24.5189991,15.86499977,304.3269958,120.1920013,95.67299652,28.84700012,49.51900101,7.211999893,24.03800011,0.481000006,0,9.135000229,1.94599998,2.881000042,0.893000007,384.4450073,556.9650269,376.2390137,414.9140015,445.5069885,3.453000069,6.401000023,1.66900003,2.076999903,28.04700089,14.90400028,5.991000175,2023
BGR,3,75,1557,25,18.52000046,21.12000084,10.12800026,1.817999959,1.156999946,5.339000225,3.177000046,-1.317000031,9.510000229,-0.194000006,42.47000122,0.142000005,55.56999969,-0.943000019,17.36000061,-0.532000005,29.80999947,-0.453000009,32.63999939,-1.572999954,5.820000172,-0.449000001,33,0.351000011,0.44600001,0.432000011,0.191,0.275999993,0.282999992,0.061999999,0.059999999,0.039999999,0.059999999,0.108000003,0.050000001,0.194000006,0.128999993,0.153999999,0.115999997,0.643000007,0.194000006,0.317000002,0.081,0.68599999,0.409000009,75.99500275,73.34999847,79.63999939,21.19499969,28.25900078,4.495999813,12.20300007,20.55200005,0,23.12100029,28.90200043,17.9829998,0.243000001,0.930999994,0.057999998,0.323000014,0.81099999,5.227000237,1.241999984,0.595000029,0.875,0.856000006,0.100000001,0.097000003,393.0639954,149.6470032,15.41399956,143.223999,1.927000046,1.284999967,28.25900078,18.62599945,323.0580139,101.4759979,105.9729996,26.33399963,33.39799881,3.854000092,17.3409996,1.927000046,0.64200002,1.927000046,1.955000043,2.941999912,0.879000008,397.2810059,555.6090088,373.8729858,413.8829956,447.0889893,3.273000002,6.511000156,1.710999966,2.219000101,31.96100044,13.95899963,7.75,2023
KHM,1,17,454,17,0,27.47100067,13.50500011,1.88499999,1.18900001,5.703000069,3.401000023,-0.962000012,16.85000038,-0.708999991,24.20000076,-0.61500001,27.09000015,-0.968999982,16.85000038,0.208000004,57.93000031,-1.021000028,15.39000034,-0.888999999,18.94000053,-1.835999966,3.359999895,0.437999994,0.5,0.688000023,0.338999987,0.391000003,0.460999995,0.059999999,0.064999998,0.050999999,0.064000003,0.25,0.052000001,0.200000003,0.138999999,0.181999996,0.137999997,0,0,0.300000012,0.104000002,0.772000015,0.518000007,104.0039978,103.177002,74.88999939,30.83699989,24.22900009,6.607999802,15.41899967,17.62100029,0,15.41899967,28.63400078,13.2159996,0.75,1.856999993,0.072999999,0.451999992,0.656000018,4.059000015,1.174000025,0.676999986,0.907000005,0.898999989,0.052999999,0.057,374.4490051,207.0480042,26.43199921,103.5240021,8.81099987,4.40500021,26.43199921,28.63400078,301.7619934,129.9570007,107.9300003,41.85100174,33.04000092,11.01299953,8.81099987,2.203000069,0,0,2.09100008,2.923000097,0,417.8389893,563.90802,368.7980042,393.427002,425.3210144,3.571000099,5.169000149,1.815999985,1.832999945,20.25699997,17.06800079,7.788000107,2023
CHN,3,84,1675,28,16.52300072,20.2859993,12.29899979,1.838999987,1.133000016,5.452000141,3.03399992,-1.218999982,11.31000042,0.488000005,68.44000244,0.469000012,67.72000122,-0.308999985,38.20999908,-0.185000002,42.86000061,-0.629999995,26.43000031,-3.132999897,0.090000004,-1.133000016,12.92000008,0.541999996,0.614000022,0.638999999,0.377999991,0.419999987,0.442000002,0.097000003,0.096000001,0.063000001,0.082999997,0.144999996,0.050000001,0.25,0.148000002,0.170000002,0.122000001,0.809000015,0.052999999,0.335000008,0.093999997,0.564999998,0.358999997,74.93499756,84.39800262,101.4929962,26.86599922,23.88100052,4.776000023,10.14900017,16.7159996,0,27.46299934,35.82099915,19.70100021,0.298000008,1.029000044,0.061000001,0.51700002,0.740999997,3.107000113,1.138000011,0.634000003,0.884000003,0.867999971,0.098999999,0.100000001,380.8959961,192.8359985,20.89599991,112.2389984,2.984999895,3.582000017,26.86599922,16.11899948,322.9859924,131.9409943,117.6119995,24.47800064,26.86599922,0.597000003,11.93999958,0.597000003,0.597000003,7.164000034,1.991000056,2.832999945,1.111999989,400.2399902,555.4799805,382.0069885,413.1319885,444.5,3.819000006,6.65899992,1.710000038,2.227999926,31.0170002,13.88700008,10.30799961,2023
HRV,3,57,1595,19,13.8920002,28.24600029,13.17199993,1.81400001,1.164999962,5.31799984,3.184000015,-0.898999989,18.40999985,-0.674000025,25.13999939,-0.061999999,47.61000061,-0.442000002,33,0.497999996,68.79000092,-0.629999995,26.43000031,-2.237999916,1.289999962,-0.137999997,44.83000183,0.463999987,0.67900002,0.57099998,0.254000008,0.425000012,0.356999993,0.082999997,0.083999999,0.050000001,0.064999998,0.356999993,0.169,0.25,0.152999997,0.196999997,0.135000005,0.702000022,0.086000003,0.335000008,0.096000001,0.67900002,0.409000009,83.31199646,82.86299896,105.9560013,33.85599899,31.34799957,3.13499999,16.3010006,18.18199921,0,19.43600082,27.58600044,14.42000008,0.405999988,2,0.066,0.419999987,0.829999983,5.736999989,1.195000052,0.624000013,0.864000022,0.848999977,0.068999998,0.064000003,358.6210022,191.2230072,26.95899963,138.5579987,9.404000282,2.507999897,33.85599899,28.84000015,292.1629944,115.3610001,97.80599976,42.00699997,45.14099884,2.507999897,25.07799911,2.507999897,0,1.881000042,1.963999987,2.926000118,0.981999993,404.5740051,558.9979858,357.2990112,401.0509949,437.9930115,3.352999926,6.157999992,1.70599997,1.970999956,24.96899986,16.72800064,7.140999794,2023
CYP,3,85,2403,28.33300018,3.055000067,28.67099953,19.47699928,1.682999969,1.059999943,4.93900013,2.947999954,-0.303000003,38.20999908,-0.68599999,24.82999992,-0.568000019,28.77000046,-0.254000008,40.13000107,0.686999977,75.16999817,-0.166999996,43.63999939,-1.807999969,3.589999914,-0.310000002,37.83000183,0.381000012,0.606999993,0.416999996,0.293000013,0.460000008,0.342999995,0.090000004,0.089000002,0.059999999,0.075000003,0.536000013,0.165000007,0.228,0.158999994,0.164000005,0.136999995,0.827000022,0.014,0.333999991,0.094999999,0.579999983,0.326000005,75.21700287,84.08799744,95.71399689,32.45899963,35.78900146,7.073999882,15.39700031,21.63999939,0,16.64599991,25.8010006,8.73900032,0.537,3.045000076,0.078000002,0.469999999,0.797999978,4.717999935,0.916999996,0.65200001,0.879999995,0.86500001,0.081,0.066,406.9909973,181.0240021,23.30400085,140.2409973,4.993999958,9.987999916,13.31700039,24.13599968,281.7309875,109.0309982,76.98699951,38.70100021,66.58300018,11.65200043,29.54599953,1.248000026,0,11.65200043,2.09800005,3.036999941,1.243999958,403.6369934,557.4899902,354.4140015,396.3829956,432.4490051,3.387000084,6.053999901,1.646000028,1.835999966,35.75799942,15.29500008,11.22099972,2023
CZE,3,95,1549,31.66699982,24.00699997,16.68400002,9.090000153,1.840000033,1.139999986,5.429999828,3.230999947,-1.223999977,11.11999989,0.160999998,56.36000061,-0.501999974,30.85000038,-2.039000034,2.119999886,-0.717999995,23.88999939,-0.446999997,33,-2.505000114,0.620000005,-0.263999999,39.74000168,0.137999997,0.287,0.202000007,0.086000003,0.179000005,0.151999995,0.046,0.078000002,0.028000001,0.057999998,0.245000005,0.066,0.148000002,0.129999995,0.096000001,0.111000001,0.713999987,0.008,0.27700001,0.083999999,0.717000008,0.456999987,134.4369965,116.4029999,84.57099915,20.65800095,22.59499931,9.038000107,7.747000217,15.49400043,0,23.24099922,28.40500069,20.01300049,0.216000006,0.813000023,0.071000002,0.488999993,0.819000006,4.578999996,1.123000026,0.681999981,0.915000021,0.896000028,0.108000003,0.093000002,381.5360107,175.5970001,20.01300049,108.4570007,5.809999943,4.519000053,6.455999851,23.88599968,309.8770142,101.3560028,125.8880005,37.44300079,57.45600128,6.455999851,29.0510006,0.646000028,0,3.872999907,2.003999949,2.875,1.011000037,398.9859924,557.4879761,362.9249878,406.3330078,433.7940063,3.308000088,5.806000233,1.616999984,1.855000019,34.62099838,12.48099995,8.489999771,2023
ECU,3,58,1487,19.33300018,10.97000027,26.29299927,17.79199982,1.870000005,1.213000059,5.456999779,3.273999929,-0.77700001,22.05999947,-0.871999979,19.21999931,0.307000011,61.79000092,-1.302999973,9.680000305,-0.388999999,35.20000076,-0.606999993,27.43000031,-1.603000045,5.480000019,-1.968999982,2.5,0.228,0.578999996,0.421000004,0.187000006,0.44600001,0.275999993,0.048999999,0.054000001,0.043000001,0.057999998,0.490999997,0.141000003,0.158999994,0.123000003,0.115999997,0.112999998,0.680999994,0.008,0.296999991,0.089000002,0.721000016,0.43900001,127.6439972,107.1320038,80.02700043,22.86499977,30.26199913,8.069999695,9.414999962,17.48500061,0,14.12199974,21.52000046,18.82999992,0.5,0.897000015,0.061000001,0.421000004,0.657999992,3.723999977,1.01699996,0.657000005,0.915000021,0.902999997,0.082000002,0.07,403.4970093,158.7089996,20.17499924,137.8609924,4.706999779,4.034999847,19.50200081,12.77700043,297.9159851,96.83899689,107.598999,36.31399918,61.1969986,6.724999905,35.64199829,1.345000029,0,7.396999836,1.975999951,2.905999899,1.014999986,396.9949951,557.9890137,382.322998,414.7739868,444.9349976,3.289999962,6.21999979,1.671000004,1.952000022,22.61000061,16.47500038,6.433000088,2023
EST,3,113,2115,37.66699982,10.0170002,18.96500015,12.34200001,1.610000014,0.953999996,4.842999935,2.703999996,-0.488999993,31.20999908,0.114,54.38000107,-0.233999997,40.90000153,-0.828000009,20.61000061,-0.187000006,42.86000061,0.573000014,71.56999969,-2.58100009,0.49000001,-1.011000037,15.61999989,0.294999987,0.455000013,0.338999987,0.201000005,0.345999986,0.252000004,0.082999997,0.098999999,0.061000001,0.086000003,0.375,0.128999993,0.148000002,0.147,0.097000003,0.129999995,0.67900002,0.109999999,0.298999995,0.104000002,0.624000013,0.367000014,86.38899994,95.47799683,91.72599792,21.27700043,30.26000023,12.76599979,11.81999969,17.96699905,0,28.84199905,34.98799896,16.07600021,0.209999993,1.171000004,0.103,0.52700001,0.754000008,3.947000027,0.907999992,0.683000028,0.889999986,0.865999997,0.097999997,0.086000003,360.2839966,226.0050049,26.00499916,101.1819992,7.565000057,5.201000214,25.05900002,25.05900002,277.5409851,138.0619965,83.68800354,43.49900055,59.10200119,2.364000082,26.95000076,1.417999983,2.364000082,3.782999992,2.239000082,3.013000011,1.241999984,401.1659851,563.0349731,360.5920105,397.7430115,438.9899902,4.112999916,6.670000076,1.452999949,1.968000054,51.63100052,10.70800018,15.01799965,2023
FIN,2,92,1291,46,9.899000168,14.23900032,8.338999748,1.639000058,0.986000001,4.926000118,2.881000042,-0.522000015,30.14999962,0.61500001,72.91000366,-0.944000006,17.36000061,-1.652999997,4.949999809,0.200000003,57.93000031,0.550999999,70.87999725,-2.006999969,2.279999971,-1.717000008,4.360000134,0.143000007,0.319000006,0.175999999,0.083999999,0.229000002,0.116999999,0.064999998,0.100000001,0.044,0.079000004,0.275000006,0.125,0.127000004,0.119999997,0.082999997,0.104999997,0.718999982,0,0.273999989,0.090999998,0.684000015,0.426999986,127.6470032,111.0749969,85.98000336,25.56200027,35.63100052,13.16800022,15.49199963,24.01199913,0,37.95500183,43.3769989,18.59000015,0.140000001,1.24000001,0.105999999,0.579999983,0.675999999,5.043000221,0.898999989,0.703000009,0.921000004,0.885999978,0.129999995,0.119000003,347.7919922,243.996994,34.08200073,101.4720001,13.94299984,10.06999969,18.59000015,35.63100052,241.6730042,126.2580032,106.8939972,61.19300079,62.74200058,6.197000027,41.0530014,0.774999976,0.774999976,1.549000025,2.232000113,2.999000072,1.238000035,377.1210022,570.7670288,349.2569885,390.2179871,423.2969971,4.135000229,6.102000237,1.437999964,1.621999979,53.93199921,9.222999573,15.90299988,2023
GMB,4,106,2256,26.5,14.05900002,21.47200012,9.024999619,1.847000003,1.144999981,5.410999775,3.161999941,-0.865999997,19.48999977,-0.42899999,33.36000061,-0.082999997,46.81000137,-0.671000004,25.13999939,-0.268000007,39.74000168,-0.555999994,29.12000084,-1.677000046,4.75,-0.547999978,29.45999908,0.351999998,0.600000024,0.495000005,0.199000001,0.42899999,0.298000008,0.085000001,0.089000002,0.056000002,0.071000002,0.409999996,0.112999998,0.214000002,0.119000003,0.158000007,0.112000003,0.699999988,0.097999997,0.319999993,0.078000002,0.620999992,0.372999996,93.30599976,91.52200317,88.20899963,25.70899963,27.9260006,4.433000088,10.19499969,16.40099907,0,23.49300003,30.58499908,18.61700058,0.296000004,1.139999986,0.059999999,0.481000006,0.800000012,5.387000084,1.032999992,0.625999987,0.880999982,0.864000022,0.078000002,0.077,410.0180054,170.6560059,21.71999931,133.8650055,3.546000004,2.660000086,26.15200043,19.9470005,303.6340027,104.1669998,103.723999,33.68899918,65.60299683,3.546000004,41.22299957,3.546000004,1.773000002,5.762000084,1.927999973,2.868000031,0.957000017,409.2399902,556.9569702,362.302002,401.552002,442.7269897,3.522000074,6.271999836,1.804999948,2.013000011,28.97699928,14.50500011,7.001999855,2023
GEO,3,83,1790,27.66699982,8.737000465,21.97599983,10.80500031,1.921000004,1.148000002,5.65199995,3.265000105,-1.199000001,11.69999981,-0.319000006,37.45000076,0.492000014,68.79000092,-0.915000021,18.13999939,-0.217999995,41.68000031,-0.728999972,23.27000046,-1.123000026,13.14000034,-2.471999884,0.680000007,0.40200001,0.634000003,0.56099999,0.237000003,0.453000009,0.354000002,0.090999998,0.086999997,0.054000001,0.067000002,0.280000001,0.079000004,0.213,0.135000005,0.147,0.114,0.717000008,0.068000004,0.312000006,0.089000002,0.660000026,0.411000013,107.5149994,115.3809967,80.4469986,24.02199936,24.58099937,3.911000013,16.76000023,17.87700081,0,28.49200058,37.43000031,16.76000023,0.307999998,1.128999949,0.059999999,0.504999995,0.621999979,4.336999893,1.146000028,0.63499999,0.889999986,0.874000013,0.101999998,0.093999997,389.3850098,173.1840057,18.99399948,117.3180008,2.792999983,1.675999999,27.37400055,22.90500069,320.67099,111.1729965,116.2009964,28.49200058,55.30699921,5.586999893,41.3409996,1.116999984,0,2.792999983,1.89199996,2.792999983,0.894999981,407.723999,555.6190186,377.3930054,412,453.1619873,3.364000082,6.02699995,1.784000039,2.040999889,22.42900085,15.48900032,7.991000175,2023
GRC,3,113,2337,37.66699982,3.055000067,21.07999992,12.47500038,1.687000036,1.011999965,5.038000107,2.89199996,-0.460000008,32.27999878,-0.072999999,47.20999908,-0.643000007,26.11000061,-1.565999985,5.940000057,0.275000006,60.63999939,-0.006,50,-3.446000099,0.029999999,0.207000002,57.93000031,0.151999995,0.356999993,0.204999998,0.115999997,0.284999996,0.179000005,0.052999999,0.071999997,0.039999999,0.066,0.365999997,0.143999994,0.118000001,0.109999999,0.081,0.101999998,0.674000025,0.039000001,0.280000001,0.079000004,0.638000011,0.379999995,120.4810028,121.185997,98.84500122,24.81800079,41.07799911,20.11100006,13.69299984,20.53899956,0,23.5340004,33.80400085,16.68799973,0.42899999,1.149999976,0.082000002,0.515999973,0.861999989,4.894000053,1.00999999,0.671000004,0.907000005,0.889999986,0.089000002,0.078000002,359.4349976,178.0059967,37.65499878,124.5189972,5.135000229,8.986000061,24.81800079,14.54899979,275.5669861,109.1139984,92.4260025,68.03600311,59.04999924,11.125,34.65999985,0.856000006,0,2.138999939,2.14199996,2.953000069,1.197000027,375.3919983,566.0650024,352.2059937,395.7820129,423.5780029,3.614000082,5.992000103,1.590999961,1.730999947,43.12400055,12.38199997,10.74600029,2023
GRD,4,55,2909,13.75,4.5,54.07300186,38.71300125,1.748999953,1.074000001,5.131999969,3.002000093,-0.583000004,28.10000038,-2.798000097,0.25999999,0.777999997,77.94000244,0.609000027,72.56999969,0.35800001,63.68000031,-0.144999996,44.43000031,-2.436000109,0.75,-1.136999965,12.92000008,0.703999996,0.851999998,0.759000003,0.625999987,0.728999972,0.686999977,0.129999995,0.081,0.092,0.077,0.444000006,0.133000001,0.268999994,0.142000005,0.214000002,0.130999997,0.697000027,0.003,0.356000006,0.089000002,0.558000028,0.312000006,88.09999847,100.8600006,100.0339966,21.65699959,30.25099945,9.281999588,18.21899986,20.96899986,0,8.593999863,14.09399986,5.156000137,0.61500001,3.562999964,0.07,0.513999999,0.759000003,15.58199978,1.200000048,0.630999982,0.866999984,0.852999985,0.043000001,0.041999999,378.1369934,167.7550049,25.43799973,126.8479996,5.5,5.156000137,15.125,24.75099945,315.2290039,97.97200012,92.81600189,37.81399918,55.68899918,9.625,28.87599945,2.062999964,0.688000023,3.780999899,2.048000097,2.940000057,1.016000032,395.8259888,560.9119873,372.1719971,408.8429871,435.3460083,3.589999914,6.177999973,1.710999966,2.069000006,5.184999943,25.6760006,9.869000435,2023
GNB,2,20,889,10,9.899000168,45.95000076,30.63999939,1.840999961,1.162999988,5.264999866,3.181999922,-0.300000012,38.20999908,-1.886000037,3.00999999,1.18900001,88.09999847,0.597000003,72.23999786,0.764999986,77.63999939,-0.925000012,17.87999916,-2.559999943,0.519999981,-1.677000046,4.75,0.684000015,0.947000027,0.842000008,0.51700002,0.731000006,0.578999996,0.116999999,0.061000001,0.081,0.067000002,0.474000007,0.221000001,0.270000011,0.112999998,0.216000006,0.115999997,0.652999997,0,0.335999995,0.108000003,0.734000027,0.419,70.69200134,68.46499634,120.3600006,32.62099838,34.87099838,2.25,23.62199974,24.74699974,0,13.49800014,22.49699974,10.1239996,0.61500001,2.099999905,0.039999999,0.395000011,0.711000025,10.89999962,1.04400003,0.658999979,0.856000006,0.846000016,0.061999999,0.057999998,409.4490051,154.1060028,19.12299919,150.7310028,4.499000072,1.125,7.874000072,26.99699974,316.0849915,87.73899841,77.61599731,25.87199974,66.36699677,14.62300014,41.61999893,2.25,4.499000072,1.125,1.947000027,3.003999949,2.00999999,401.6610107,553.4390259,379.0740051,424.7890015,457.1180115,2.987999916,5.798999786,1.843000054,1.937999964,5.96999979,23.46899986,8.111000061,2023
GUY,4,104,2629,26,8.123999596,25.61499977,15.77799988,1.72300005,1.049000025,5.038000107,3,-0.875,19.21999931,-0.179000005,42.86000061,-0.134000003,44.83000183,-0.501999974,30.85000038,0.430999994,66.63999939,-0.177000001,43.25,-1.274999976,10.19999981,-1.218000054,11.31000042,0.476000011,0.563000023,0.563000023,0.224000007,0.335000008,0.312000006,0.097999997,0.104000002,0.048999999,0.067000002,0.272000015,0.079000004,0.216999993,0.150999993,0.136000007,0.111000001,0.799000025,0.211999997,0.317999989,0.085000001,0.432999998,0.266000003,93.07499695,98.05799866,86.72499847,34.23400116,29.28899956,6.46600008,10.64999962,20.92099953,0,22.44199944,31.95100021,11.79199982,0.416999996,2.469000101,0.083999999,0.501999974,0.717999995,5.385000229,0.958000004,0.647000015,0.879000008,0.862999976,0.081,0.077,393.3049927,181.0570068,22.8220005,141.8789978,9.508999825,6.085999966,31.57099915,24.34399986,290.605011,117.1559982,85.58399963,39.55899811,44.1230011,9.12899971,24.34399986,1.90199995,0.760999978,3.042999983,2.019999981,2.898999929,0.962000012,393.1610107,558.3779907,382.3519897,411.2309875,434.2990112,3.450999975,6.397999763,1.748000026,2.012000084,35.4109993,14.60000038,9.897999763,2023
HUN,2,85,1380,42.5,21.92000008,16.28199959,11.8380003,1.577000022,0.925000012,4.688000202,2.677000046,-0.210999995,41.68000031,-0.082000002,46.81000137,-0.012,49.59999847,-0.639999986,26.11000061,-0.254999995,40.13000107,1.274000049,89.80000305,-2.006999969,2.279999971,-0.537,29.80999947,0.214000002,0.523999989,0.32100001,0.170000002,0.379999995,0.245000005,0.083999999,0.115999997,0.061999999,0.094999999,0.381000012,0.156000003,0.136000007,0.128999993,0.098999999,0.120999999,0.635999978,0,0.298999995,0.090000004,0.615999997,0.368999988,70.34799957,84.34700012,86.95700073,23.91300011,31.88400078,7.971000195,11.59399986,18.8409996,0,26.08699989,31.1590004,17.39100075,0.188999996,1.080000043,0.108000003,0.57099998,0.80400002,2.953000069,0.862999976,0.670000017,0.902999997,0.882000029,0.096000001,0.090000004,415.9419861,173.1880035,22.4640007,130.4349976,7.245999813,11.59399986,13.04300022,15.94200039,280.4339905,85.50700378,74.63800049,39.85499954,68.11599731,8.696000099,42.02899933,1.449000001,0.725000024,8.696000099,2.344000101,3.138999939,1.491999984,360.6099854,573.4589844,373.5920105,420.5880127,446.7420044,3.628999949,5.979000092,1.460000038,1.725000024,56.94200134,9.350000381,17.28100014,2023
IRN,4,121,3129,30.25,4.855999947,26.03300095,18.67499924,1.718000054,1.049000025,5.004000187,2.88499999,-1.220000029,11.11999989,-0.74000001,22.95999908,0.582000017,71.90000153,-0.191,42.47000122,-0.675999999,25.13999939,1.016000032,84.37999725,-2.809000015,0.25,-0.938000023,17.62000084,0.5,0.550000012,0.541999996,0.342999995,0.395000011,0.405999988,0.085000001,0.108000003,0.052999999,0.075999998,0.208000004,0.046,0.224000007,0.152999997,0.164000005,0.137999997,0.666999996,0.112000003,0.342000008,0.093000002,0.559000015,0.319000006,60.76499939,67.31500244,94.59899902,20.45400047,22.69099998,9.906999588,11.50500011,18.8560009,0,19.49500084,24.60899925,11.82499981,0.257999986,1.421000004,0.112000003,0.509000003,0.758000016,6.736000061,1.065000057,0.606999993,0.846000016,0.827000022,0.092,0.074000001,416.1069946,155.3209991,14.70100021,144.7749939,6.392000198,5.433000088,23.01099968,9.906999588,319.5910034,95.87799835,85.33000183,23.96899986,29.40200043,1.277999997,7.670000076,3.196000099,0.319999993,7.031000137,2.059000015,3.082999945,1.052999973,390.1619873,559.3579712,381.2829895,417.947998,448.1929932,3.434999943,6.010000229,1.606999993,2.000999928,35.24399948,14.76799965,10.77499962,2023
ITA,3,56,1912,18.66699982,12.01399994,34.73199844,26.85400009,1.590000033,1,4.730999947,2.862999916,-0.01,49.59999847,-1.008000016,15.86999989,-1.093999982,13.78999996,-0.566999972,28.77000046,-0.016000001,49.59999847,0.234999999,59.09999847,-1.898000002,2.940000057,-0.883000016,18.94000053,0.291000009,0.545000017,0.43599999,0.162,0.398000002,0.256999999,0.078000002,0.077,0.059,0.078000002,0.509000003,0.194000006,0.165000007,0.135000005,0.109999999,0.104000002,0.670000017,0.01,0.301999986,0.090000004,0.667999983,0.368999988,76.98400116,91.09200287,80.02100372,25.62800026,34.51900101,13.07499981,7.84499979,13.07499981,0,14.12100029,25.10499954,9.413999557,0.75,1.947000027,0.098999999,0.479000002,0.736000001,5.231999874,0.836000025,0.675000012,0.897000015,0.882000029,0.061000001,0.052999999,375.5230103,211.8200073,24.05900002,133.3679962,6.798999786,15.16699982,8.368000031,30.8579998,240.0630035,116.6309967,82.11299896,51.25500107,48.11700058,2.092000008,22.48999977,1.569000006,0,9.413999557,2.22300005,3.055999994,1.261999965,391.0270081,563.5620117,352.8569946,386.0020142,417.9240112,3.624000072,6.183000088,1.582000017,1.662999988,37.66600037,16.48800087,12.14400005,2023
JPN,3,96,2072,32,5.291999817,21.80200005,10.80700016,1.786999941,1.098999977,5.265999794,3.072999954,-1.003000021,15.86999989,0.270999998,60.63999939,-0.071999997,47.20999908,-0.619000018,27.09000015,-0.035,48.79999924,-0.769999981,22.05999947,-1.56400001,5.940000057,-1.754999995,4.010000229,0.442000002,0.504999995,0.515999973,0.270000011,0.333999991,0.308999985,0.086999997,0.098999999,0.056000002,0.079999998,0.147,0.090999998,0.230000004,0.158000007,0.166999996,0.134000003,0.819000006,0.039000001,0.326999992,0.103,0.568000019,0.349000007,83.35099792,92.56800079,86.8730011,25.09700012,31.37100029,4.826000214,16.4090004,20.75300026,0,28.47500038,32.33599854,18.8220005,0.133000001,1.200000048,0.067000002,0.407000005,0.684000015,5.427000046,0.975000024,0.629000008,0.888999999,0.870000005,0.085000001,0.088,390.927002,196.4290009,23.16600037,143.8220062,5.309000015,3.378000021,27.02700043,26.54400063,303.0880127,121.6210022,101.3509979,31.37100029,35.23199844,7.722000122,19.78800011,0.964999974,0.48300001,1.447999954,2.030999899,2.89199996,1.029000044,395.7950134,555.2020264,374.6719971,409.6650085,435.7919922,3.539000034,6.407000065,1.649999976,2.068000078,33.7480011,13.91399956,9.81799984,2023
JOR,2,74,1197,37,18.38500023,16.24300003,7.679999828,1.65199995,0.976999998,4.926000118,2.714999914,-0.519999981,30.14999962,-0.046,48.40000153,0.324999988,62.54999924,-1.013000011,15.61999989,0.231000006,59.09999847,0.294,61.40999985,-2.178999901,1.5,-1.088999987,13.78999996,0.218999997,0.521000028,0.246999994,0.162,0.377000004,0.236000001,0.079999998,0.090000004,0.050999999,0.075000003,0.342000008,0.115000002,0.158999994,0.156000003,0.115999997,0.125,0.829999983,0,0.298000008,0.093000002,0.685000002,0.421999991,101.4609985,107.0110016,90.22599792,30.9109993,31.74600029,18.37899971,15.03800011,21.72100067,0,26.73399925,34.2519989,20.04999924,0.273000002,1.279999971,0.079999998,0.549000025,0.746999979,3.58100009,1.008999944,0.64200002,0.89200002,0.875,0.109999999,0.083999999,379.2820129,192.1470032,18.37899971,122.8069992,2.506000042,10.02499962,15.03800011,23.3920002,282.3720093,99.41500092,91.89700317,32.58100128,66.83399963,0,40.09999847,1.671000004,0,20.88599968,2.157999992,2.947000027,1.351999998,368.7999878,565.0189819,370.6180115,413.4140015,448.2470093,3.836999893,6.420000076,1.557999969,1.878000021,50.6570015,10.21199989,13.80099964,2023
KAZ,3,112,1991,37.33300018,5.032999992,17.9640007,7.085000038,1.802000046,1.083999991,5.294000149,3.063999891,-1.230000019,10.93000031,0.423999995,66.27999878,-0.194000006,42.47000122,-1.391000032,8.229999542,-0.344999999,36.68999863,-0.632000029,26.43000031,-1.835999966,3.359999895,-1.5,6.679999828,0.296999991,0.395999998,0.324000001,0.160999998,0.272000015,0.224000007,0.057,0.066,0.037999999,0.061000001,0.188999996,0.096000001,0.184,0.100000001,0.123000003,0.112000003,0.781000018,0.032000002,0.300999999,0.074000001,0.652999997,0.395000011,116.5270004,102.0400009,77.84999847,24.1079998,29.13100052,10.04500008,10.54699993,16.0720005,0,32.64699936,41.18500137,22.09900093,0.257999986,0.800000012,0.068999998,0.42899999,0.707000017,4.428999901,1.083999991,0.637000024,0.898000002,0.880999982,0.114,0.108000003,393.7720032,166.75,22.09900093,132.5970001,6.02699995,3.516000032,18.08099937,13.56099987,306.881012,100.4520035,119.0350037,39.67900085,42.69200134,5.022999763,27.62400055,1.004999995,0,1.506999969,1.983999968,2.861999989,1.032999992,399.0119934,558.0900269,372.230011,406.9729919,441.5509949,3.437999964,6.347000122,1.625,2.005000114,36.34199905,12.60700035,8.982000351,2023
KGZ,4,107,2553,26.75,6.396999836,24.25200081,14.44200039,1.837000012,1.200999975,5.440999985,3.36500001,-0.934000015,17.62000084,-0.351000011,36.31999969,-0.089000002,46.81000137,-0.985000014,16.35000038,-0.029999999,48.79999924,-0.395999998,34.83000183,-1.731999993,4.179999828,-0.799000025,21.47999954,0.301999986,0.481000006,0.425000012,0.219999999,0.381000012,0.310000002,0.067000002,0.088,0.046,0.068999998,0.32100001,0.145999998,0.203999996,0.144999996,0.137999997,0.128999993,0.725000024,0.086999997,0.314999998,0.092,0.630999982,0.368999988,101.0879974,95.64700317,92.44000244,29.7689991,28.20199966,7.051000118,12.5340004,26.63500023,0,21.54299927,25.85199928,17.23500061,0.195999995,1.577999949,0.059999999,0.465999991,0.768999994,4.111999989,1.136999965,0.643000007,0.888999999,0.873000026,0.079000004,0.07,385.8210144,169.6040039,18.01799965,141.4019928,3.525000095,4.309000015,25.45999908,20.36800003,301.2139893,104.9759979,105.7580032,33.29399872,54.44599915,9.008999825,25.06900024,2.349999905,2.742000103,4.309000015,2.003000021,2.931999922,1.052000046,394.8089905,557.6740112,367.3569946,402.1419983,441.3770142,3.420000076,5.893000126,1.667000055,1.907999992,27.20700073,15.3920002,7.778999805,2023
LVA,3,114,1667,38,21,14.76299953,6.073999882,1.868999958,1.174999952,5.43200016,3.21600008,-1.333999991,9.180000305,0.898999989,81.33000183,-0.841000021,20.04999924,-0.957000017,17.11000061,-0.389999986,34.83000183,-0.405000001,34.45999908,-0.569999993,28.43000031,-1.399000049,8.079999924,0.335999995,0.381000012,0.381000012,0.275999993,0.31099999,0.363000005,0.075999998,0.101999998,0.057,0.082999997,0.088,0.034000002,0.207000002,0.150000006,0.147,0.135000005,0.736999989,0.067000002,0.330000013,0.093000002,0.602999985,0.389999986,86.78099823,91.88999939,68.98600006,26.99500084,23.39500046,7.198999882,10.19799995,19.19599915,0,37.19300079,43.79100037,26.99500084,0.174999997,0.870000005,0.103,0.493000001,0.717000008,3.701999903,0.981000006,0.662,0.893999994,0.873000026,0.119999997,0.123999998,413.3169861,180.5639954,14.39700031,136.772995,7.198999882,5.999000072,17.99600029,22.19599915,334.1329956,110.3779984,104.3799973,32.39300156,37.79199982,5.999000072,11.99800014,1.200000048,0,2.400000095,2.019999981,2.88499999,1.05400002,409.3569946,553.7700195,362.4549866,397.8540039,436.8139954,3.516000032,5.705999851,1.700999975,2.042999983,33.875,12.16699982,11.13799953,2023
LSO,3,77,1873,25.66699982,10.50399971,24.50600052,12.12300014,1.758999944,1.121999979,5.160999775,3.118999958,-0.833999991,20.32999992,-0.603999972,27.43000031,0.398000002,65.16999817,-0.60799998,27.43000031,0.108000003,53.97999954,-0.128000006,45.22000122,-2.355000019,0.939999998,-0.996999979,16.11000061,0.354999989,0.578999996,0.513000011,0.196999997,0.428000003,0.280999988,0.077,0.068999998,0.052999999,0.068000004,0.354999989,0.148000002,0.185000002,0.114,0.144999996,0.101999998,0.720000029,0.086000003,0.307000011,0.071000002,0.681999981,0.393999994,77.22000122,81.1190033,99.83999634,26.1609993,33.10200119,11.74600029,20.28800011,20.28800011,0,24.02599907,33.63600159,17.08499908,0.391000003,1.121000051,0.072999999,0.467999995,0.75,5.947999954,1.011999965,0.617999971,0.86500001,0.851000011,0.089000002,0.081,407.9020081,171.9170074,23.49200058,135.6109924,4.270999908,4.270999908,18.68700027,25.62700081,304.3250122,92.90000153,92.36599731,34.70399857,53.92399979,4.804999828,35.23799896,2.135999918,1.067999959,4.270999908,1.995000005,2.964999914,0.791000009,390.6430054,558.3480225,373.3699951,414.3429871,438.3250122,3.450999975,6.499000072,1.703999996,2.046000004,33.33399963,14.65299988,8.748999596,2023
LBR,2,61,1435,30.5,2.121000051,23.73800087,10.22599983,1.843000054,1.131999969,5.431000233,3.138000011,-0.898000002,18.67000008,-0.456,32.63999939,0.037,51.20000076,-0.481000006,31.55999947,-0.181999996,42.86000061,-0.828999996,20.32999992,-0.898999989,18.67000008,-0.856000006,19.77000046,0.48300001,0.616999984,0.550000012,0.27700001,0.426999986,0.368000001,0.093000002,0.092,0.055,0.077,0.400000006,0.098999999,0.233999997,0.122000001,0.162,0.126000002,0.749000013,0,0.328000009,0.090999998,0.640999973,0.395999998,87.46800232,94.72899628,83.62400055,27.875,21.60300064,0.697000027,15.33100033,16.02799988,0,25.7840004,33.44900131,18.11800003,0.289000005,1.184999943,0.050999999,0.495000005,0.774999976,5.114999771,1.144999981,0.620999992,0.86500001,0.855000019,0.090999998,0.075000003,379.0939941,195.8190002,16.72500038,128.2230072,4.877999783,0,28.57099915,29.96500015,305.9230042,129.6170044,91.98600006,20.20899963,67.59600067,11.14999962,31.35899925,2.786999941,10.45300007,4.181000233,1.876000047,2.851000071,0.911000013,414.1350098,555.3389893,359.0360107,401.7640076,442.2709961,3.447000027,6.313000202,1.845000029,2.104000092,27.03899956,15.33199978,7.065000057,2023
LTU,2,78,1288,39,5.657000065,16.70499992,9.170000076,1.893000007,1.179999948,5.513999939,3.140000105,-1.409999967,7.929999828,0.890999973,81.33000183,-0.368000001,35.93999863,-1.396000028,8.229999542,0.093000002,53.59000015,-1.034999967,15.14999962,-2.246999979,1.25,-0.425999999,33.72000122,0.312000006,0.377000004,0.389999986,0.218999997,0.273000002,0.273999989,0.068000004,0.108000003,0.044,0.072999999,0.143000007,0.044,0.194000006,0.165999994,0.123000003,0.122000001,0.874000013,0,0.310000002,0.104999997,0.663999975,0.437000006,104.1480026,110.7789993,91.61499786,29.50300026,30.28000069,6.987999916,12.42199993,19.40999985,0,36.49100113,38.81999969,21.73900032,0.063000001,1.241000056,0.079999998,0.430999994,0.811999977,4.986999989,1.110999942,0.638999999,0.897000015,0.879000008,0.143999994,0.119000003,382.7640076,187.1119995,28.72699928,121.8939972,6.210999966,8.539999962,23.29199982,22.51600075,313.6640015,111.8010025,125,42.70199966,33.38499832,3.105999947,20.96299934,0.776000023,0,0,1.937000036,2.773000002,1.274999976,400.5289917,549.0109863,372.7690125,409.8729858,438.144989,3.463999987,6.197999954,1.726999998,2.030999899,29.92700005,13.18700027,10.35499954,2023
MHL,3,87,1994,29,8.718000412,23.27599907,11.4090004,1.687000036,0.98299998,5.028999805,2.825000048,-0.828999996,20.32999992,-0.286000013,38.97000122,0.377999991,64.43000031,-0.94599998,17.36000061,-0.041999999,48.40000153,0.127000004,54.77999878,-2.805999994,0.25999999,-1.141000032,12.71000004,0.384000003,0.523000002,0.476999998,0.225999996,0.384000003,0.308999985,0.068000004,0.085000001,0.045000002,0.068000004,0.232999995,0.081,0.151999995,0.128000006,0.111000001,0.108999997,0.708000004,0.064000003,0.286000013,0.089000002,0.637000024,0.381999999,97.59799957,97.77600098,100.3010025,25.07500076,32.59799957,9.529000282,16.04800034,25.57699966,0,24.0720005,26.57999992,17.0510006,0.101999998,1.31400001,0.071999997,0.536000013,0.737999976,4.552000046,1.088000059,0.643999994,0.884000003,0.86500001,0.089000002,0.082000002,360.5820007,185.5570068,28.08399963,115.8479996,6.519999981,7.020999908,18.55599976,23.57099915,300.4020081,101.3050003,94.28299713,49.64899826,52.65800095,4.513999939,34.60400009,3.009000063,0.501999974,3.510999918,2.082999945,2.950000048,1.088000059,385.3900146,556.9279785,379.8699951,415.2030029,433.42099,3.637000084,6.175000191,1.618000031,1.980999947,40.85100174,13.25500011,10.23200035,2023
MDA,2,56,1042,28,21.21299934,18.875,10.8409996,1.725999951,0.984000027,5.076000214,2.884000063,-0.519999981,30.14999962,0.280000001,60.63999939,-0.028999999,48.79999924,-1.33099997,9.180000305,-0.469999999,31.92000008,-0.725000024,23.57999992,-2.131000042,1.659999967,-2.780999899,0.270000011,0.326999992,0.509000003,0.47299999,0.151999995,0.340999991,0.228,0.082000002,0.100000001,0.046,0.071000002,0.344999999,0.085000001,0.145999998,0.142000005,0.085000001,0.107000001,0.58099997,0,0.268000007,0.089000002,0.730000019,0.469000012,113.3349991,126.0960007,80.61399841,17.27400017,28.79100037,11.51599979,16.31500053,22.07299995,0,35.50899887,38.38800049,21.11300087,0.079000004,0.69599998,0.075000003,0.510999978,0.591000021,4.75,0.933000028,0.707000017,0.913999975,0.89200002,0.097000003,0.100000001,377.1589966,195.7769928,32.63000107,118.0419998,7.677999973,8.637000084,26.87100029,18.23399925,291.7470093,117.0830002,88.29199982,53.74300003,79.65499878,5.757999897,48.94400024,3.838999987,0,7.677999973,1.988999963,2.839999914,1.325000048,370.196991,559.0819702,366.2690125,406.0820007,432.6459961,3.653000116,6.169000149,1.722000003,1.917999983,41.92900085,12.0340004,9.366000175,2023
MNG,4,77,2394,19.25,6.396999836,31.42900085,13.71700001,1.904000044,1.225000024,5.559000015,3.339999914,-1.243000031,10.75,-0.791999996,21.47999954,0.365999997,64.05999756,-0.333999991,37.06999969,0.023,50.79999924,-0.615999997,27.09000015,-2.427000046,0.779999971,-1.35800004,8.850000381,0.552999973,0.617999971,0.657999992,0.432000011,0.499000013,0.531000018,0.092,0.092,0.056000002,0.067000002,0.210999995,0.066,0.282000005,0.145999998,0.217999995,0.147,0.768999994,0.043000001,0.360000014,0.093000002,0.593999982,0.361000001,94.31500244,88.97799683,101.5039978,27.15099907,30.9109993,7.100999832,14.20199966,18.37899971,0,19.21500015,25.89800072,13.36699963,0.340000004,1.667000055,0.066,0.474000007,0.717000008,6.013000011,1.220999956,0.633000016,0.867999971,0.856000006,0.061000001,0.059,365.07901,158.7299957,25.89800072,133.25,1.671000004,2.088999987,30.07500076,16.70800018,323.7260132,100.2509995,105.6809998,37.17599869,36.75899887,5.429999828,12.94900036,2.088999987,2.506000042,2.924000025,1.89199996,2.861999989,1.15199995,407.2909851,551.34198,368.4849854,404.6950073,443.9790039,3.361999989,6.210000038,1.866000056,2.128999949,14.19900036,19.00300026,5.524000168,2023
MNE,5,107,3450,21.39999962,2.073999882,32.47700119,13.47000027,1.886999965,1.223999977,5.46600008,3.286000013,-1.06400001,14.46000004,-1.011000037,15.61999989,-0.361999989,35.93999863,-0.063000001,47.61000061,0.178000003,56.75,-0.361999989,35.93999863,-2.653000116,0.400000006,-0.268000007,39.74000168,0.527999997,0.67900002,0.603999972,0.331,0.532000005,0.444999993,0.101999998,0.101000004,0.063000001,0.07,0.31099999,0.169,0.282999992,0.143999994,0.203999996,0.141000003,0.797999978,0.057999998,0.351000011,0.079999998,0.522000015,0.303000003,79.13999939,82.30699921,108.4059982,30.72500038,29.56500053,7.535999775,15.65200043,18.26099968,0,16.52199936,24.05800056,11.88399982,0.448000014,2.048000097,0.068999998,0.467999995,0.81099999,7.494999886,1.184999943,0.589999974,0.855000019,0.845000029,0.068000004,0.061000001,385.2170105,147.2460022,24.05800056,140.8699951,4.34800005,4.058000088,26.66699982,18.8409996,296.2319946,91.88500214,124.0579987,49.56499863,37.68099976,2.608999968,22.31900024,2.029000044,0.870000005,2.029000044,1.955000043,2.913000107,0.921000004,408.6459961,556.7960205,353.7229919,391.3500061,426.9819946,3.336999893,6.626999855,1.804999948,2.048000097,14.46800041,19.25099945,7.873000145,2023
MOZ,3,78,1967,26,6.244999886,25.37199974,12.78299999,1.853000045,1.13499999,5.418000221,3.076999903,-1.192999959,11.69999981,-0.575999975,28.43000031,-0.057999998,48.00999832,-1.065000057,14.46000004,0.354000002,63.68000031,-0.370999992,35.56999969,-1.866000056,3.140000105,-0.647000015,26.11000061,0.42899999,0.518999994,0.481000006,0.211999997,0.330000013,0.287,0.067000002,0.078000002,0.037,0.059999999,0.221000001,0.105999999,0.208000004,0.130999997,0.133000001,0.115000002,0.717000008,0.008,0.31099999,0.083999999,0.66900003,0.411000013,96.18199921,98.6190033,91.51000214,31.52000046,35.5870018,10.67599964,11.69299984,17.79400063,0,20.33600044,31.52000046,13.21800041,0.537,1.555999994,0.064999998,0.512000024,0.778999984,7.5,1.088000059,0.635999978,0.898999989,0.887000024,0.093000002,0.075999998,410.2690125,147.9409943,24.40299988,146.923996,5.592000008,3.049999952,20.84399986,16.77700043,323.8429871,96.08499908,91.51000214,37.62099838,38.63800049,6.100999832,20.84399986,4.574999809,0,4.066999912,1.95599997,2.89199996,0.864000022,399.6040039,554.4569702,365.256012,406.1960144,435.2720032,3.302000046,6.262000084,1.725999951,2.127000093,24.47500038,16.11000061,7.599999905,2023
NAM,3,63,1550,21,13.8920002,24.93700027,11.19999981,1.81099999,1.123999953,5.331999779,3.079999924,-1.110000014,13.35000038,-0.344000012,36.68999863,0.028000001,50.79999924,-0.943000019,17.36000061,0.760999978,77.63999939,-0.419999987,33.72000122,-1.156000018,12.51000023,-0.771000028,22.05999947,0.386999995,0.532000005,0.597000003,0.239999995,0.374000013,0.352999985,0.081,0.108999997,0.050000001,0.074000001,0.225999996,0.108000003,0.194000006,0.133000001,0.123000003,0.118000001,0.509000003,0.191,0.305999994,0.093000002,0.657000005,0.423000008,104.9110031,108.1070023,86.45200348,38.06499863,33.54800034,6.452000141,10.32299995,25.80599976,0,21.93499947,34.8390007,12.90299988,0.57099998,2.190000057,0.055,0.527999997,0.765999973,5.556000233,1.050999999,0.616999984,0.887000024,0.867999971,0.085000001,0.082000002,396.7739868,189.0319977,21.29000092,133.5480042,7.097000122,5.806000233,23.22599983,30.32299995,330.9670105,105.1610031,100.6439972,29.03199959,42.58100128,2.58100009,23.22599983,7.742000103,0.644999981,4.515999794,1.93900001,2.842999935,1.080000043,383.5499878,555.8010254,373.3070068,407.4519958,434.7430115,3.569000006,6.166999817,1.804999948,2.155999899,28.65200043,15.375,7.460999966,2023
NRU,4,103,2425,25.75,13.98499966,23.7859993,11.83399963,1.769999981,1.088999987,5.195000172,3.006000042,-0.686999977,24.82999992,-0.018999999,49.20000076,-0.423999995,33.72000122,-0.83099997,20.32999992,0.112999998,54.38000107,-0.643000007,26.11000061,-2.467999935,0.689999998,-0.662,25.45999908,0.324000001,0.528999984,0.40200001,0.194000006,0.398999989,0.275000006,0.077,0.115000002,0.048999999,0.071999997,0.352999985,0.135000005,0.179000005,0.187000006,0.115000002,0.115000002,0.648999989,0.179000005,0.312999994,0.103,0.619000018,0.363999993,96.58799744,102.1969986,99.79399872,26.80400085,32.57699966,4.947999954,12.37100029,21.44300079,0,23.91799927,28.04100037,15.67000008,0.169,1.590000033,0.066,0.449999988,0.783999979,5.097000122,1.031999946,0.646000028,0.890999973,0.871999979,0.082000002,0.07,369.071991,204.947998,19.79400063,116.7009964,9.07199955,8.246999741,21.03100014,28.86599922,289.8970032,126.1849976,93.60800171,35.4640007,53.19599915,4.535999775,29.69099998,2.473999977,1.649000049,4.947999954,2.01699996,2.927999973,1.254999995,405.696991,557.8959961,364.2189941,394.3640137,427.1090088,3.644000053,6.390999794,1.761999965,2.036999941,33.19599915,14.47799969,8.81099987,2023
NPL,3,96,1955,32,7,20.58300018,10.18900013,1.881000042,1.175999999,5.498000145,3.267999887,-1.504999995,6.679999828,-0.149000004,44.04000092,0.354000002,63.68000031,-1.164000034,12.30000019,-0.437000006,33.36000061,-0.345999986,36.68999863,-2.252000093,1.220000029,-1.04400003,14.92000008,0.326000005,0.504999995,0.453000009,0.194000006,0.367000014,0.263999999,0.066,0.079999998,0.046,0.068000004,0.273999989,0.090000004,0.207000002,0.134000003,0.140000001,0.115999997,0.712000012,0.088,0.319000006,0.082999997,0.660000026,0.409999996,108.5009995,102.0049973,93.60600281,27.62100029,23.01799965,4.604000092,7.160999775,19.9489994,0,26.59799957,32.22499847,21.99500084,0.208000004,1.090999961,0.075999998,0.518999994,0.746999979,4.656000137,1.269000053,0.623000026,0.879999995,0.861999989,0.101000004,0.090999998,387.2120056,149.871994,19.43700027,132.9920044,4.604000092,2.558000088,20.45999908,14.32199955,332.4809875,91.04799652,118.6699982,29.66799927,49.10499954,4.604000092,31.7140007,2.046000004,0.512000024,2.046000004,1.871999979,2.823999882,0.882000029,407.493988,553.5189819,372.7680054,414.0910034,448.151001,3.450000048,6.460000038,1.832999945,2.180000067,27.03199959,14.54800034,6.164000034,2023
NGA,2,88,1530,44,7.071000099,17.52300072,8.765000343,1.702000022,0.953999996,5.037000179,2.713000059,-1.154000044,12.51000023,0.338999987,62.93000031,0.092,53.59000015,-1.608999968,5.369999886,0.008,50,-0.338,37.06999969,-2.743000031,0.310000002,-0.832000017,20.32999992,0.252999991,0.379000008,0.287,0.155000001,0.222000003,0.193000004,0.055,0.090999998,0.032000002,0.061000001,0.240999997,0.052999999,0.158000007,0.127000004,0.101000004,0.103,0.825999975,0,0.282999992,0.072999999,0.699999988,0.444000006,108.4540024,117.3730011,98.69300079,24.83699989,33.98699951,9.803999901,13.07199955,17.64699936,0,30.71899986,35.29399872,22.87599945,0.145999998,0.944000006,0.083999999,0.449999988,0.769999981,5.5,1.044999957,0.634000003,0.90200001,0.879000008,0.135000005,0.112999998,388.8890076,184.9669952,21.56900024,120.9150009,5.229000092,7.842999935,18.3010006,22.22200012,313.071991,104.5759964,121.5680008,32.68000031,51.63399887,10.45800018,22.87599945,2.614000082,3.921999931,6.535999775,2.059000015,2.882999897,0.865999997,382.5620117,558.8909912,372.3399963,409.5270081,438.1990051,3.536999941,6.125999928,1.715000033,2,45.19900131,11.27400017,11.83300018,2023
PLW,2,84,1403,42,2.828000069,17.16699982,10.28999996,1.820000052,1.131999969,5.409999847,3.207999945,-0.755999982,22.65999985,0.400999993,65.54000092,0.101000004,53.97999954,-1.878999949,3.069999933,0.189999998,57.13999939,-1.386999965,8.380000114,-2.14199996,1.620000005,-0.078000002,47.20999908,0.204999998,0.386000007,0.240999997,0.130999997,0.284000009,0.201000005,0.057999998,0.083999999,0.037999999,0.067000002,0.240999997,0.112000003,0.130999997,0.122000001,0.071000002,0.098999999,0.666999996,0,0.270000011,0.082999997,0.731999993,0.479000002,146.7850037,136.9259949,86.95700073,26.37199974,34.2120018,9.265999794,11.40400028,19.95700073,0,30.64900017,38.48899841,25.6590004,0.25,0.783999979,0.046,0.48300001,0.855000019,3.392999887,0.938000023,0.680000007,0.927999973,0.913999975,0.097999997,0.093000002,393.4429932,203.1360016,28.51000023,117.6050034,2.851000071,4.988999844,25.6590004,19.24399948,312.1879883,131.8600006,96.93599701,39.20199966,54.16999817,3.563999891,39.20199966,4.27699995,1.425999999,2.138000011,1.945000052,2.809000015,1.050999999,380.2290039,555.8599854,381.427002,415.9559937,437.5809937,3.377000093,5.473999977,1.904999971,1.855999947,35.90999985,12.39999962,7.184999943,2023
POL,4,140,2590,35,13.49100018,18.60000038,10.94799995,1.68599999,1.019999981,4.947000027,2.812000036,-0.721000016,23.57999992,0.349999994,63.68000031,-0.451000005,32.63999939,-0.970000029,16.60000038,-0.360000014,35.93999863,0.361000001,64.05999756,-1.894000053,2.940000057,-1.085999966,14.01000023,0.273000002,0.388000011,0.360000014,0.201000005,0.294,0.264999986,0.064000003,0.086999997,0.045000002,0.075000003,0.252000004,0.093999997,0.171000004,0.142000005,0.122000001,0.123999998,0.694000006,0.024,0.317000002,0.089000002,0.555000007,0.333000004,84.21399689,89.99099731,81.46700287,22.3939991,27.79899979,8.880000114,13.89999962,20.46299934,0,28.18499947,33.5909996,18.53300095,0.188999996,1.082000017,0.100000001,0.513999999,0.745000005,4.770999908,0.963999987,0.690999985,0.907999992,0.882000029,0.097000003,0.090999998,393.0499878,175.6759949,24.70999908,126.2549973,9.652999878,10.03899956,18.53300095,17.76099968,303.0899963,101.1589966,80.30899811,46.7179985,53.66799927,6.177999973,23.55200005,2.316999912,3.861000061,6.177999973,2.153000116,3.035000086,1.521000028,384.6730042,562.2319946,367.8439941,409.3559875,439.8330078,3.476000071,5.940999985,1.631999969,1.886000037,45.42200089,11.52000046,12.06000042,2023
PRT,2,26,1099,13,4.243000031,43.11500168,30.55800056,1.876999974,1.225999951,5.397999763,3.321000099,-1.039999962,14.92000008,-1.940999985,2.619999886,-0.037,48.79999924,-0.433999985,33.36000061,-0.27700001,39.36000061,-0.032000002,48.79999924,-1.68599999,4.650000095,0.345999986,63.31000137,0.400000006,0.639999986,0.439999998,0.375999987,0.488000005,0.458999991,0.098999999,0.101000004,0.064000003,0.071999997,0.400000006,0.156000003,0.237000003,0.116999999,0.191,0.131999999,0.736000001,0,0.317999989,0.098999999,0.680000007,0.421000004,83.60399628,84.06600189,89.17199707,20.9279995,26.38800049,4.550000191,16.37899971,17.28800011,0,8.18900013,10.00899982,5.460000038,0.200000003,3,0.067000002,0.488999993,0.879999995,7.5,1.113999963,0.649999976,0.852999985,0.850000024,0.045000002,0.044,417.6520081,133.7579956,13.64900017,143.7669983,0.910000026,0.910000026,22.74799919,16.37899971,318.4710083,82.8030014,111.0110016,28.20800018,44.58599854,9.098999977,14.55900002,7.278999805,0.910000026,1.820000052,1.945000052,2.930999994,1.095000029,411.7260132,551.1099854,366.2120056,402.2030029,430.8240051,3.059000015,5.828000069,1.866999984,1.967000008,5.138000011,23.04400063,6.079999924,2023
QAT,4,75,2528,18.75,6.849999905,34.11999893,19.8939991,1.787999988,1.105000019,5.195000172,3.095000029,-0.81099999,20.89999962,-1.190999985,11.69999981,0.428000003,66.27999878,-0.439999998,33,0.870999992,80.77999878,-0.173999995,43.25,-2.299999952,1.070000052,0.022,50.79999924,0.458999991,0.60799998,0.568000019,0.282000005,0.437000006,0.379999995,0.079999998,0.082999997,0.045000002,0.059,0.458999991,0.153999999,0.246999994,0.138999999,0.175999999,0.138999999,0.589999974,0.089000002,0.326000005,0.090999998,0.644999981,0.367000014,79.19599915,80.69100189,106.8040009,34.01900101,37.97499847,9.888999939,15.03199959,19.77799988,0,12.65799999,20.96500015,9.097999573,0.635999978,2.917000055,0.066,0.472000003,0.83099997,4.146999836,1.034000039,0.634000003,0.865999997,0.852999985,0.061000001,0.055,400.3160095,168.9080048,13.84500027,153.8769989,3.95600009,3.559999943,31.64599991,20.17399979,301.0280151,108.3860016,85.44300079,25.31699944,49.05099869,6.724999905,22.15200043,1.582000017,3.559999943,4.350999832,1.968000054,2.996999979,0.73299998,400.8880005,553.1380005,371.2969971,406.9299927,447.2529907,3.401000023,6.255000114,1.690000057,2.01699996,21.3579998,18.65399933,6.590000153,2023
ROU,2,46,1041,23,1.414000034,22.97800064,12.85700035,1.891000032,1.226999998,5.452000141,3.378000021,-0.953000009,17.11000061,-0.072999999,47.20999908,0.089000002,53.18999863,-0.773999989,22.05999947,1.432999969,92.36000061,-0.810000002,20.89999962,-1.389000058,8.380000114,-1.430999994,7.639999866,0.400000006,0.621999979,0.488999993,0.248999998,0.513999999,0.331,0.085000001,0.082999997,0.061000001,0.068999998,0.356000006,0.182999998,0.207000002,0.101999998,0.157000005,0.112000003,0.722000003,0,0.305000007,0.086000003,0.717999995,0.455000013,109.310997,95.14700317,109.5100021,43.22800064,50.9129982,3.842000008,23.05500031,34.58200073,0,24.97599983,32.6609993,24.97599983,0.296000004,1.480999947,0.07,0.476000011,0.711000025,4.609000206,1.133000016,0.616999984,0.879999995,0.866999984,0.097000003,0.096000001,376.5610046,154.6589966,26.89699936,133.5249939,3.842000008,1.921000004,19.21199989,15.36999989,319.8850098,82.61299896,105.6679993,42.26699829,56.67599869,1.921000004,46.11000061,1.921000004,0,0,2.006000042,2.898000002,1.225999951,393.7999878,553.7860107,370.3179932,408.7000122,436.1470032,3.15899992,6.208000183,1.700999975,2.022000074,23.88699913,15.55000019,9.887999535,2023
RWA,2,34,726,17,21.21299934,22.23500061,13.80799961,1.904000044,1.317000031,5.635000229,3.655999899,-0.65200001,25.78000069,0.188999996,57.13999939,-1.182000041,11.89999962,-2.286999941,1.129999995,0.906000018,81.58999634,-0.49000001,31.20999908,-1.312999964,9.510000229,-0.27700001,39.36000061,0.120999999,0.211999997,0.273000002,0.081,0.140000001,0.150999993,0.050000001,0.072999999,0.026000001,0.048,0.151999995,0.052999999,0.115999997,0.090000004,0.086999997,0.086999997,0.363999993,0,0.245000005,0.082999997,0.848999977,0.564999998,155.8090057,123.0339966,77.13500214,34.43500137,48.20899963,12.39700031,11.01900005,30.3029995,0,23.41600037,28.9260006,13.77400017,0.222000003,1.909000039,0.050000001,0.419999987,0.818000019,2.881999969,1.042000055,0.672999978,0.91900003,0.90200001,0.081,0.079999998,374.6560059,216.253006,34.43500137,108.8150024,8.263999939,12.39700031,24.79299927,35.81299973,301.6530151,133.6089935,90.90799713,59.22800064,35.81299973,4.131999969,24.79299927,2.755000114,1.376999974,1.376999974,2.150000095,2.971999884,1.429999948,374.1820068,567.7199707,343.4259949,385.196991,423.9670105,3.622999907,4.940000057,1.514999986,1.677000046,24.08300018,15.20499992,10.29199982,2023
STP,2,25,1522,12.5,2.121000051,61.52000046,47.79000092,1.652999997,1.07099998,4.672999859,3.269999981,-1.718000054,4.360000134,-2.723999977,0.330000013,1.014000058,84.37999725,1.712000012,95.63999939,-2.979000092,0.150000006,-4.846000195,0,1.541000009,93.81999969,0.584999979,71.90000153,0.958000004,0.958000004,0.958000004,0.927999973,0.927999973,0.933000028,0.206,0.111000001,0.206,0.105999999,0,0,0.504999995,0.194999993,0.486999989,0.216999993,0.958000004,0,0.49000001,0.155000001,0.518999994,0.409999996,97.00900269,95.71800232,1.31400001,1.31400001,1.31400001,0,0,0,0,3.941999912,5.256000042,2.628000021,0.286000013,0,0.050999999,0.136000007,0.958000004,8.039999962,2.851000071,0.610000014,0.903999984,0.898999989,0.056000002,0.050000001,220.1049957,54.5340004,4.598999977,11.82699966,0,0,3.285000086,0,329.8299866,42.70700073,55.18999863,7.227000237,0.657000005,3.941999912,0,0,0,0,1.692999959,1.75,0,383.4089966,548.1129761,399.821991,445.2059937,439.8469849,1.656000018,3.013000011,1.218000054,1.819000006,5.197999954,27.6590004,6.763999939,2023
SYC,3,79,1519,26.33300018,19.50200081,19.37999916,9.163999557,1.917999983,1.194000006,5.590000153,3.236000061,-0.913999975,18.13999939,0.592000008,72.23999786,-0.50999999,30.5,-1.212000012,11.31000042,0.093999997,53.59000015,-2.061000109,1.970000029,-2.335999966,0.99000001,-1.125,13.14000034,0.256000012,0.449000001,0.32100001,0.156000003,0.356000006,0.207000002,0.075000003,0.093000002,0.048999999,0.074000001,0.358999997,0.165999994,0.208000004,0.126000002,0.143999994,0.104000002,0.717999995,0.192000002,0.312000006,0.079000004,0.647000015,0.405000001,114.9349976,107.2149963,100.0660019,27.64999962,29.625,7.900000095,16.45800018,15.1420002,0,28.30800056,34.89099884,22.38299942,0.226999998,1.029000044,0.046,0.324000001,0.736999989,4.657999992,1.019000053,0.653999984,0.904999971,0.89200002,0.103,0.089000002,401.5799866,198.1569977,26.33300018,113.2320023,5.925000191,7.900000095,31.60000038,19.75,318.6300049,123.1080017,105.3320007,35.54999924,58.5909996,1.317000031,42.13299942,0.657999992,2.632999897,1.975000024,1.86500001,2.766000032,1.177999973,418.3869934,549.4650269,362.9719849,403.5969849,428.1210022,3.219000101,6.380000114,1.738000035,2.078000069,25.05599976,14.54100037,6.614999771,2023
SGP,4,81,1827,20.25,11.35400009,23,11.76399994,1.720000029,1.074000001,5.063000202,3.039999962,-0.654999971,25.78000069,-0.222000003,41.29000092,-0.493999988,31.20999908,-0.972000003,16.60000038,0.179000005,56.75,-0.159999996,43.63999939,-2.486000061,0.660000026,-0.897000015,18.67000008,0.25,0.449999988,0.324999988,0.164000005,0.363999993,0.238000005,0.064000003,0.082000002,0.050999999,0.07,0.375,0.109999999,0.177000001,0.151999995,0.131999999,0.126000002,0.657000005,0.071000002,0.308999985,0.097000003,0.615999997,0.363000005,94.58200073,94.9469986,94.69100189,29.00900078,33.93500137,12.58899975,11.49400043,19.70400047,0,23.5359993,32.8409996,12.04199982,0.386000007,2.130000114,0.068999998,0.515999973,0.737999976,4.531000137,1.072999954,0.646000028,0.893000007,0.878000021,0.090000004,0.082999997,357.9639893,192.1179962,31.74600029,122.0579987,2.188999891,7.663000107,10.94699955,29.00900078,266.5570068,100.7109985,110.564003,53.63999939,57.47100067,5.47300005,42.69300079,1.095000029,2.188999891,0.546999991,2.025000095,2.924000025,1.075000048,391.2720032,563.2630005,359.6069946,397.743988,429.5610046,3.559000015,6.203000069,1.891000032,1.835999966,38.42900085,13.50300026,8.795999527,2023
SVK,2,80,1128,40,21.21299934,14.25,7.513000011,1.664999962,0.976000011,4.947000027,2.755000114,-0.477999985,31.92000008,0.878000021,80.77999878,-0.606999993,27.43000031,-1.702999949,4.460000038,0.460999995,67.72000122,-0.69599998,24.51000023,-2.5,0.620000005,-2.017999887,2.220000029,0.151999995,0.30399999,0.228,0.081,0.254000008,0.116999999,0.068999998,0.094999999,0.048999999,0.083999999,0.328999996,0.081,0.120999999,0.136999995,0.066,0.101999998,0.597000003,0,0.268999994,0.092,0.713999987,0.449000001,124.6640015,129.6620026,93.97200012,28.36899948,43.43999863,17.72999954,15.95699978,30.1420002,0,32.80099869,39.89400101,25.70899963,0.210999995,0.899999976,0.107000001,0.474999994,0.646000028,3.575000048,0.879999995,0.693000019,0.920000017,0.894999981,0.128000006,0.114,388.2980042,198.5820007,25.70899963,110.8160019,7.979000092,11.52499962,23.93600082,12.41100025,271.2770081,110.8150024,93.97200012,50.5320015,80.6740036,6.205999851,52.30500031,3.546000004,0.887000024,9.751999855,2.112999916,2.890000105,1.212000012,393.3859863,561.0369873,363.0939941,403.4530029,428.9920044,3.526000023,6.441999912,1.493000031,1.809000015,51.66500092,9.555999756,13.32900047,2023
SVN,3,97,2000,32.33300018,7.370999813,20.8560009,12.62899971,1.695000052,1.113000035,4.941999912,3.132999897,-0.412,34.09000015,-0.100000001,46.02000046,-1.095000029,13.78999996,-0.839999974,20.04999924,0.284000009,61.02999878,0.098999999,53.59000015,-2.128999949,1.659999967,-0.532000005,29.80999947,0.375,0.5,0.437999994,0.167999998,0.340000004,0.233999997,0.090000004,0.114,0.054000001,0.079999998,0.416999996,0.170000002,0.165000007,0.123000003,0.096000001,0.104999997,0.698000014,0.015,0.293000013,0.082000002,0.643999994,0.372000009,89.55999756,103.2990036,86,27.5,37,15,16,17,0,22,29.5,11,0.333000004,2,0.108999997,0.441000015,0.786000013,3.494999886,0.93900001,0.648000002,0.875,0.856000006,0.108000003,0.082000002,376,201.5,25.5,125.5,8.5,12,25,24,258,109,93.5,57.5,65.5,13.5,26.5,3.5,0.5,8,2.177999973,2.99000001,1.175999999,399.9219971,564.223999,350.1149902,388.0360107,421.8599854,3.595000029,6.507999897,1.467000008,1.789000034,42.50999832,12.45199966,14.6420002,2023
SOM,3,70,2073,23.33300018,4.040999889,29.88599968,12.6789999,1.868000031,1.139999986,5.448999882,3.096999884,-0.601999998,27.43000031,-1.029999971,15.14999962,0.074000001,52.79000092,-0.289000005,38.97000122,-1.088000059,14.01000023,-0.510999978,30.5,-3.265000105,0.059999999,-2.266000032,1.190000057,0.419999987,0.65200001,0.638000011,0.363000005,0.615999997,0.504000008,0.089000002,0.082999997,0.074000001,0.068999998,0.361999989,0.141000003,0.224000007,0.143000007,0.179000005,0.119999997,0.717000008,0.059,0.340000004,0.079999998,0.566999972,0.338,113.0350037,98.0019989,94.06700134,15.43700027,21.22500038,10.13000011,9.647999763,13.98900032,0,17.36599922,21.70800018,13.02499962,0.243000001,0.893000007,0.078000002,0.465999991,0.629999995,6.171000004,1.166000009,0.643000007,0.879999995,0.865999997,0.067000002,0.068000004,341.052002,180.4149933,37.6269989,116.2570038,4.823999882,8.682999611,27.97900009,20.74300003,254.220993,105.6429977,130.7279968,63.19400024,57.88700104,1.929999948,39.07400131,0.481999993,0,9.647999763,2.023999929,2.882999897,1.021999955,385.2219849,566.098999,363.6090088,403.5809937,439.3970032,3.45600009,6.427000046,1.705000043,1.773000002,18.74399948,18.00200081,8.668000221,2023
ZAF,3,62,1665,20.66699982,13.31700039,27.3390007,18.24099922,1.873999953,1.199000001,5.497000217,3.279000044,-0.990999997,16.11000061,-0.805000007,21.19000053,0.218999997,58.31999969,-0.416999996,34.09000015,-0.280999988,38.97000122,-0.312999994,37.83000183,-1.343000054,9.010000229,-0.85799998,19.77000046,0.458999991,0.623000026,0.541000009,0.230000004,0.523999989,0.342999995,0.089000002,0.090999998,0.057999998,0.064999998,0.409999996,0.277999997,0.230000004,0.128999993,0.164000005,0.128000006,0.75999999,0.02,0.32100001,0.088,0.656000018,0.386999995,76.69200134,87.70800018,90.08999634,28.22800064,19.21899986,4.804999828,15.01500034,15.61600018,0,19.81999969,25.22500038,18.01799965,0.264999986,1.355000019,0.067000002,0.44600001,0.778999984,5.806000233,1.093000054,0.640999973,0.860000014,0.845000029,0.088,0.074000001,377.7780151,189.1889954,19.81999969,126.7269974,7.808000088,1.802000046,13.2130003,27.02700043,320.1199951,104.5039978,95.4960022,28.22800064,40.8409996,0,31.2310009,0,0,4.804999828,1.985000014,2.940000057,0.870999992,400.0939941,557.1890259,366.6679993,406.2120056,448.0690002,3.415999889,5.906000137,1.521000028,2.00999999,21.03700066,16.99699974,9.095000267,2023
KOR,3,78,1786,26,11.53299999,23.06399918,10.71899986,1.800999999,1.090000033,5.201000214,2.967999935,-1.297999978,9.850000381,-0.147,44.43000031,0.243000001,59.47999954,-0.045000002,48.40000153,-0.750999987,22.65999985,-0.862999976,19.48999977,-1.654000044,4.949999809,-1.769999981,3.839999914,0.610000014,0.675000012,0.648999989,0.379000008,0.43599999,0.43599999,0.130999997,0.134000003,0.068999998,0.094999999,0.208000004,0.059,0.291000009,0.180000007,0.165999994,0.156000003,0.625,0.223000005,0.358999997,0.118000001,0.598999977,0.375999987,73.24900055,88.9980011,78.38700104,17.91699982,22.39599991,5.598999977,13.99800014,16.79700089,0,25.75600052,28.55500031,12.87800026,0.105999999,1.125,0.082000002,0.43900001,0.688000023,6.859000206,1.218000054,0.603999972,0.853999972,0.833999991,0.118000001,0.093000002,368.9809875,184.2109985,24.63599968,123.7399979,3.358999968,2.799999952,22.95599937,23.51600075,330.3469849,111.9820023,96.30500031,32.47499847,30.23500061,5.039000034,11.75800037,0,1.120000005,3.358999968,1.871999979,2.815000057,1.085000038,399.894989,551.6380005,375.3559875,416.2189941,439.8320007,3.160000086,6.106999874,1.996999979,2.147000074,31.22999954,14.59200001,10.61200047,2023
ESP,5,120,3166,24,13.22900009,26.81699944,17.66699982,1.703999996,1.052999973,5.011000156,2.97300005,-0.328000009,37.45000076,-0.518000007,30.5,-0.67900002,25.13999939,-0.90200001,18.40999985,-0.175999999,43.25,-0.111000001,45.61999893,-1.881000042,3.00999999,-0.808000028,21.19000053,0.27700001,0.537999988,0.352999985,0.184,0.384000003,0.244000003,0.067000002,0.063000001,0.046999998,0.063000001,0.470999986,0.189999998,0.167999998,0.114,0.111000001,0.104000002,0.500999987,0.414999992,0.301999986,0.077,0.615999997,0.345999986,105.4459991,102.1409988,85.59700012,23.37299919,25.89999962,10.10700035,13.26599979,16.42499924,0,18.95100021,27.16399956,12.31799984,0.425999999,1.575000048,0.061000001,0.449999988,0.764999986,3.191999912,0.978999972,0.662,0.89200002,0.870000005,0.082999997,0.064999998,371.7619934,208.7810059,26.53199959,122.8679962,4.105999947,6.316999912,31.27000046,28.74300003,268.7940063,126.0279999,87.49199677,45.79999924,54.32699966,4.737999916,28.74300003,0.632000029,2.842999935,5.684999943,2.140000105,2.993000031,1.180999994,392.32901,563.1300049,349.9609985,387.9700012,423.1400146,3.933000088,6.02699995,1.616999984,1.779000044,35.89799881,14.80700016,11.07699966,2023
SUR,3,64,1512,21.33300018,15.88500023,24.10899925,14.26099968,1.786000013,1.103999972,5.270999908,3.130000114,-0.667999983,25.45999908,-0.430999994,33.36000061,-0.324000001,37.45000076,-1.149000049,12.71000004,0.238999993,59.09999847,0.003,50,-2.351000071,0.939999998,-1.268000007,10.38000011,0.222000003,0.492000014,0.317000002,0.165999994,0.370999992,0.238000005,0.075999998,0.088,0.048999999,0.066,0.476000011,0.111000001,0.135000005,0.103,0.112999998,0.101000004,0.463,0.426999986,0.275999993,0.072999999,0.677999973,0.409000009,108.538002,100.560997,98.54499817,32.4070015,29.76199913,9.258999825,11.24300003,19.8409996,0,22.48699951,33.72999954,15.87300014,0.486000001,1.639999986,0.052999999,0.510999978,0.713999987,5.688000202,1.138000011,0.652999997,0.885999978,0.873000026,0.093000002,0.074000001,354.4970093,193.7830048,22.48699951,109.1269989,7.936999798,11.24300003,25.79400063,25.13199997,267.1950073,123.0159988,123.0159988,42.32799911,51.5870018,11.24300003,32.4070015,1.322999954,0,1.983999968,2.105999947,2.937999964,1.271000028,397.677002,562.5159912,358.7030029,396.821991,435.0180054,3.71600008,6.394999981,1.611999989,1.833999991,31.76000023,14.69900036,11.39400005,2023
SWE,3,85,1577,28.33300018,14.84399986,18.78800011,9.409000397,1.86500001,1.164999962,5.534999847,3.250999928,-1.213999987,11.31000042,0.223000005,58.70999908,-0.157000005,44.04000092,-1.17900002,11.89999962,0.086999997,53.18999863,-0.277999997,39.36000061,-1.542000055,6.179999828,-1.741000056,4.090000153,0.416999996,0.476000011,0.5,0.25,0.307000011,0.32100001,0.075999998,0.094999999,0.048,0.081,0.119000003,0.052999999,0.204999998,0.145999998,0.116999999,0.123000003,0.612999976,0.092,0.314999998,0.086999997,0.666000009,0.428000003,97.15599823,113.7289963,87.50800323,28.53499985,27.90099907,3.805000067,11.41399956,25.36499977,0,27.2670002,34.24200058,14.58500004,0.25,1.625,0.086000003,0.465999991,0.685000002,4.624000072,0.976999998,0.666999996,0.910000026,0.894999981,0.094999999,0.097000003,400.1270142,194.6730042,20.9260006,118.5800018,5.072999954,5.072999954,26.63299942,17.75499916,342.4230042,110.9710007,98.92199707,31.07099915,39.31499863,0.634000003,24.09600067,0,0,6.974999905,2.039999962,2.881000042,1.177000046,404.5039978,560.5440063,368.5280151,409.2099915,437.2730103,3.532000065,6.072000027,1.598999977,2.148999929,30.22500038,13.65299988,10.06599998,2023
CHE,31,42,424,1.355000019,0.486000001,10.18999958,5.245999813,1.754999995,1.090000033,5.208000183,3.046000004,-0.976000011,16.60000038,1.085000038,85.98999786,-0.72299999,23.57999992,-2.39199996,0.839999974,-0.170000002,43.25,-1.026000023,15.39000034,-1.92900002,2.74000001,0.209999993,57.93000031,0.024,0.024,0.024,0.057999998,0.082000002,0.098999999,0.004,0.023,0.014,0.052999999,0.048999999,0.018999999,0.061999999,0.075999998,0.055,0.067000002,0.101000004,0.103,0.247999996,0.109999999,0.824999988,0.555999994,101.0319977,83.54000092,87.26399994,21.22599983,28.30200005,2.35800004,16.50900078,21.22599983,0,49.52799988,51.88700104,18.86800003,0.045000002,1,0.026000001,0.213,0.878000021,3.118999958,0.842000008,0.665000021,0.943000019,0.920000017,0.064000003,0.082000002,422.1700134,167.4530029,25.94300079,165.0939941,9.434000015,4.717000008,23.58499908,16.50900078,318.3959961,110.8479996,73.11299896,37.73600006,37.73600006,7.074999809,14.15100002,2.35800004,0,7.074999809,1.968999982,2.982000113,1.381999969,417.3039856,554.8209839,359.1960144,395.6700134,436.5239868,3.298000097,6.125999928,1.695000052,1.996000051,48.11600113,9.055999756,2.829999924,2023
TJK,3,74,1846,24.66699982,6.027999878,25.3920002,12.11499977,1.927999973,1.220999956,5.703000069,3.394999981,-1.396999955,8.229999542,-0.131999999,44.83000183,0.294,61.40999985,-0.787999988,21.77000046,-0.059999999,47.61000061,-0.800999999,21.19000053,-2.296999931,1.100000024,-1.218000054,11.31000042,0.465999991,0.588999987,0.643999994,0.307000011,0.397000015,0.425999999,0.068000004,0.059999999,0.045000002,0.064000003,0.218999997,0.068999998,0.221000001,0.128999993,0.178000003,0.123000003,0.76700002,0.096000001,0.333000004,0.082000002,0.601000011,0.367000014,101.1910019,92.27700043,93.71600342,26.00200081,29.79400063,5.959000111,13.54300022,18.95999908,0,28.16900063,35.21099854,14.08500004,0.245000005,1.406999946,0.055,0.448000014,0.74000001,5.97300005,1.034999967,0.630999982,0.883000016,0.874000013,0.082999997,0.082999997,420.3680115,157.6380005,17.33499908,136.5110016,5.416999817,0.541999996,22.75200081,22.75200081,324.4849854,100.7590027,113.2190018,27.62700081,29.79400063,5.416999817,16.25099945,1.082999945,0,1.625,1.873999953,2.821000099,1.254999995,399.3779907,551.5789795,375.1090088,410.2520142,444.803009,3.219000101,6.170000076,1.845000029,2.055999994,18.40600014,16.88899994,5.217999935,2023
TON,4,137,2831,34.25,4.031000137,21.1609993,13.0880003,1.825999975,1.144000053,5.375999928,3.20600009,-0.926999986,17.87999916,0.147,55.56999969,-0.241999999,40.52000046,-1.067000031,14.46000004,0.654999971,74.22000122,-0.522000015,30.14999962,-1.621999979,5.260000229,-0.449000001,32.63999939,0.316000015,0.537,0.404000014,0.174999997,0.333000004,0.244000003,0.075000003,0.083999999,0.044,0.07,0.338,0.100000001,0.156000003,0.138999999,0.116999999,0.108999997,0.728999972,0.014,0.294999987,0.075000003,0.632000029,0.35800001,91.71700287,102.3440018,97.13899994,42.03499985,31.43799973,6.005000114,9.184000015,30.37800026,0,25.7859993,34.61700058,19.07500076,0.338,1.891000032,0.071999997,0.472000003,0.797999978,3.788000107,1.065000057,0.665000021,0.89200002,0.875,0.079000004,0.083999999,380.4309998,180.147995,20.48699951,136.3480072,9.184000015,1.412999988,29.67099953,17.66200066,302.0130005,116.5660019,97.13899994,31.43799973,61.4620018,7.770999908,35.67599869,3.885999918,1.059999943,2.825999975,1.934999943,2.878000021,1.25,393.1270142,554.5079956,368.2030029,403.4979858,436.2600098,3.513999939,6.110000134,1.786000013,2.016000032,31.38100052,14.01599979,6.704999924,2023
TUR,5,151,3583,30.20000076,3.961999893,23.87400055,10.26099968,1.75999999,1.072000027,5.131000042,2.951999903,-0.754999995,22.65999985,-0.481999993,31.55999947,-0.028000001,49.20000076,-0.514999986,30.5,-0.800999999,21.19000053,0.015,50.40000153,-1.536000013,6.300000191,-2.017999887,2.220000029,0.426999986,0.606999993,0.513000011,0.201000005,0.444999993,0.287,0.083999999,0.081,0.057,0.07,0.426999986,0.174999997,0.209000006,0.115999997,0.143000007,0.109999999,0.782000005,0.068000004,0.317999989,0.071999997,0.536000013,0.301999986,99.08699799,95.96299744,76.19300079,19.81599998,22.32799911,8.930999756,13.11699963,15.90799999,0,22.88599968,26.79299927,19.81599998,0.169,0.861000001,0.079000004,0.532000005,0.662999988,5.502999783,1.026000023,0.620000005,0.884000003,0.861999989,0.079999998,0.079999998,388.5010071,173.8769989,24.28100014,138.1519928,5.581999779,6.139999866,17.30400085,20.93199921,281.3280029,97.96199799,99.63700104,40.46900177,59.4469986,6.697999954,37.95700073,1.116000056,0.279000014,3.907000065,2.046000004,2.954999924,1.006000042,391.4869995,560.5859985,365.6860046,407.8150024,442.0039978,3.551000118,6.140999794,1.633999944,1.832999945,33.85499954,14.43200016,9.687999725,2023
TKM,3,57,1758,19,5.56799984,31.49099922,17.14800072,1.873999953,1.167999983,5.455999851,3.257999897,-1.271999955,10.19999981,-0.717999995,23.88999939,-0.226999998,41.29000092,-0.488999993,31.20999908,-0.223000005,41.29000092,-0.236000001,40.90000153,-1.791000009,3.670000076,-0.644999981,26.11000061,0.5,0.55400002,0.625,0.361000001,0.467999995,0.467999995,0.067000002,0.066,0.046999998,0.057,0.231999993,0.089000002,0.273999989,0.145999998,0.230000004,0.147,0.739000022,0.01,0.345999986,0.101000004,0.633000016,0.375,91.72000122,79.03199768,88.73699951,26.73500061,27.87299919,7.394999981,11.94499969,22.75300026,0,18.77099991,23.89100075,13.08300018,0.264999986,1.707999945,0.077,0.479999989,0.786000013,5.473999977,1.136000037,0.614000022,0.871999979,0.85799998,0.079999998,0.071999997,397.0419922,153.5839996,11.94499969,151.3079987,6.826000214,4.551000118,17.06500053,15.92700005,315.131012,92.71900177,124.0039978,26.16600037,37.54299927,5.688000202,15.3579998,2.275000095,2.275000095,3.413000107,1.970000029,2.943000078,1.220999956,414.3450012,553.4639893,364.9909973,395.5969849,441.8269958,3.382999897,6.238999844,1.784999967,2.055000067,16.98999977,18.55200005,7.125999928,2023
TUV,4,88,2388,22,6.164000034,27.625,13.3579998,1.886999965,1.141000032,5.473999977,3.160000086,-0.890999973,18.67000008,-0.465000004,32.27999878,0.216999993,58.31999969,-0.398000002,34.83000183,0.515999973,69.5,-1.151000023,12.51000023,-1.583999991,5.710000038,-1.014999986,15.61999989,0.493999988,0.654999971,0.609000027,0.354999989,0.531000018,0.481999993,0.077,0.072999999,0.063000001,0.071000002,0.391000003,0.112000003,0.230000004,0.129999995,0.177000001,0.120999999,0.754000008,0.048999999,0.324999988,0.086999997,0.603999972,0.34799999,96.76300049,97.38200378,101.7590027,37.27000046,29.31299973,2.930999994,13.39999962,26.38199997,0,21.77599907,28.05699921,15.07499981,0.282999992,2.188999891,0.046,0.444999993,0.746999979,4.15899992,1.125,0.606000006,0.875,0.864000022,0.086999997,0.072999999,384.8410034,184.2550049,17.58799934,126.0469971,2.513000011,4.188000202,38.10699844,20.93799973,312.3959961,125.6279984,101.7590027,28.05800056,58.62599945,4.188000202,36.01300049,0.838,1.256000042,2.094000101,1.888000011,2.84800005,1.171000004,402.0350037,548.677002,372.9100037,410.026001,437.4790039,3.305999994,5.789999962,2.062999964,1.980000019,19.65200043,17.26000023,6.245999813,2023
UGA,3,94,2418,31.33300018,6.657999992,26.25499916,16.33799934,1.955000043,1.184999943,5.789999962,3.263999939,-1.332000017,9.180000305,-0.245000005,40.52000046,0.197999999,57.52999878,-0.25999999,39.74000168,-0.731000006,23.27000046,-0.61500001,27.09000015,-1.580000043,5.710000038,-0.862999976,19.48999977,0.559000015,0.644999981,0.634000003,0.321999997,0.444999993,0.430999994,0.098999999,0.086999997,0.052999999,0.071000002,0.172000006,0.083999999,0.273999989,0.158000007,0.194999993,0.128999993,0.870000005,0.131999999,0.351999998,0.090999998,0.442000002,0.275999993,87.47000122,87.27100372,76.92299652,19.85099983,19.85099983,5.375999928,12.40699959,10.33899975,0,26.05500031,31.43099976,14.88799953,0.202999994,1.10800004,0.057,0.547999978,0.773999989,3.489000082,1.197999954,0.620999992,0.874000013,0.861999989,0.082000002,0.079999998,375.5169983,169.5619965,20.26499939,138.5440063,5.375999928,1.654000044,24.81399918,31.84399986,329.197998,108.3550034,102.564003,33.91199875,39.28900146,3.309000015,23.98699951,2.068000078,1.241000056,5.789999962,1.889000058,2.821000099,0.725000024,403.4890137,552.1389771,372.4060059,407.4110107,451.151001,3.365999937,6.237999916,1.914000034,2.204999924,15.33300018,17.51099968,7.118999958,2023
UKR,2,95,1519,47.5,10.60700035,16.20000076,10.34799957,1.565999985,0.865999997,4.787000179,2.594000101,-0.55400002,29.12000084,0.74000001,77.04000092,0.393999994,65.16999817,-1.184000015,11.89999962,0.352999985,63.68000031,0.028999999,50.79999924,-3.164999962,0.079999998,-1.756000042,4.010000229,0.340000004,0.393999994,0.467999995,0.196999997,0.25999999,0.268999994,0.064000003,0.090000004,0.041000001,0.072999999,0.223000005,0.068000004,0.158999994,0.134000003,0.088,0.115000002,0.757000029,0,0.287999988,0.085000001,0.624000013,0.375,98.58899689,113.1269989,98.09100342,22.38299942,36.86600113,19.09199905,21.06599998,18.43300056,0,39.5,49.375,18.43300056,0.246000007,1,0.088,0.469000012,0.68599999,3.178999901,0.916000009,0.685000002,0.906000018,0.887000024,0.127000004,0.097000003,360.7640076,222.5149994,32.25799942,100.723999,10.53299999,17.11700058,15.80000019,23.70000076,291.6400146,122.4489975,78.99900055,52.00799942,52.66600037,5.925000191,17.77499962,5.267000198,0,5.925000191,2.186000109,2.98300004,1.256000042,360.2430115,566.3040161,385.4890137,418.6659851,442.2009888,3.915999889,5.912000179,1.552999973,1.843000054,58.1230011,9.125,14.63199997,2023
GBR,3,104,2031,34.66699982,12.34200001,19.67300034,13.29100037,1.60800004,0.963,4.820000172,2.809999943,-0.148000002,44.43000031,0.248999998,59.47999954,-1.251999974,10.56000042,-1.171000004,12.10000038,0.312999994,62.16999817,0.072999999,52.79000092,-2.819000006,0.239999995,-0.523000002,30.14999962,0.194000006,0.340000004,0.261999995,0.093000002,0.240999997,0.143999994,0.07,0.115999997,0.045000002,0.081,0.31099999,0.108000003,0.135000005,0.141000003,0.088,0.114,0.702000022,0,0.289000005,0.086999997,0.611999989,0.358999997,90.20500183,104.5469971,96.01200104,25.11100006,41.85100174,19.20199966,15.26299953,23.14100075,0,26.09600067,34.95800018,14.27900028,0.333000004,1.467000008,0.100000001,0.43900001,0.782000005,4.364999771,0.836000025,0.660000026,0.907999992,0.883000016,0.108000003,0.075000003,366.321991,240.276001,33.97299957,106.8440018,5.415999889,9.847000122,15.75599957,28.06500053,247.1690063,124.0770035,66.96299744,58.09999847,68.43900299,4.923999786,35.45100021,1.476999998,0,8.862999916,2.249000072,3.028000116,1.371000051,394.5979919,565.117981,345.4660034,382.0339966,412.1870117,3.707000017,6.195000172,2.101000071,1.809000015,50.97600174,11.0010004,15.17700005,2023
TZA,3,60,1531,20,13.8920002,25.88299942,13.59500027,1.807000041,1.133999944,5.313000202,3.130000114,-1.031000018,15.14999962,-0.326000005,37.45000076,0.317999989,62.16999817,-1.299999952,9.680000305,0.662999988,74.54000092,-0.827000022,20.61000061,-2.563999891,0.519999981,-0.264999986,39.74000168,0.270999998,0.407000005,0.321999997,0.237000003,0.32100001,0.298999995,0.052000001,0.071999997,0.037999999,0.059999999,0.287999988,0.082999997,0.223000005,0.107000001,0.158999994,0.122000001,0.569999993,0.275000006,0.319999993,0.079000004,0.691999972,0.437999994,119.560997,103.2040024,104.5070038,34.61800003,39.18999863,8.491000175,12.40999985,26.12700081,0,20.24799919,28.73900032,18.28899956,0.405999988,1.552000046,0.045000002,0.529999971,0.805000007,4.099999905,1.072999954,0.648000002,0.889999986,0.883000016,0.067000002,0.068000004,391.2479858,172.4360046,34.61800003,137.8179932,2.612999916,3.266000032,28.08600044,24.81999969,311.5610046,113.651001,97.97499847,50.29399872,36.57699966,5.879000187,15.67599964,2.612999916,0.652999997,2.612999916,1.921000004,2.855999947,0.644999981,391.8469849,557.9249878,372.696991,410.3789978,439.7489929,3.426000118,6.31799984,1.82099998,2.052999973,28.06299973,15.68400002,4.44299984,2023
USA,290,345,3642,1.190000057,0.418000013,10.65799999,5.421000004,1.661999941,0.981999993,4.960999966,2.842000008,-0.25,40.13000107,0.949999988,82.63999939,-0.601000011,27.43000031,-1.733999968,4.179999828,-0.061999999,47.61000061,-0.850000024,19.77000046,-2.052000046,2.019999981,0.739000022,76.73000336,0.090000004,0.177000001,0.125,0.071000002,0.160999998,0.101999998,0.039999999,0.092,0.032000002,0.081,0.157000005,0.072999999,0.104000002,0.128999993,0.123999998,0.186000004,0.115999997,0.123000003,0.270999998,0.090999998,0.551999986,0.307000011,90.14099884,105.8830032,86.49099731,26.35899925,28.00699997,7.962999821,10.9829998,21.41699982,0,38.16600037,46.95199966,22.79000092,0.229000002,1,0.039999999,0.351000011,0.924000025,1.93599999,0.791000009,0.760999978,0.940999985,0.91900003,0.067000002,0.072999999,383.0310059,217.1880035,30.47800064,118.0670013,4.668000221,8.786000252,24.16300011,31.3010006,269.3580017,122.461998,86.21600342,49.42399979,70.56600189,8.512000084,42.83399963,1.373000026,0.549000025,6.590000153,2.095999956,2.921000004,1.269999981,384.1870117,563.4619751,373.9819946,409.8729858,440.7340088,3.749000072,6.113999844,1.723999977,1.827000022,55.51399994,8.138999939,7.706999779,2023
UZB,4,119,2342,29.75,17.32799911,19.83200073,8.836999893,1.81099999,1.103999972,5.231999874,3.056999922,-1.167999983,12.30000019,-0.137999997,44.83000183,0.148000002,55.56999969,-0.728999972,23.57999992,-0.64200002,26.11000061,0.189999998,57.13999939,-1.106999993,13.56999969,-1.746999979,4.090000153,0.347000003,0.541999996,0.465999991,0.199000001,0.38499999,0.31099999,0.090000004,0.090999998,0.052000001,0.072999999,0.280000001,0.103,0.184,0.130999997,0.134000003,0.116999999,0.685000002,0.112000003,0.31400001,0.079999998,0.573000014,0.344000012,92.00299835,88.91100311,73.86799622,24.33799934,20.06800079,4.269999981,11.10200024,20.49500084,0,30.74300003,35.86700058,18.78700066,0.164000005,1.021999955,0.079999998,0.451000005,0.699000001,5.714000225,1.103000045,0.614000022,0.88499999,0.860000014,0.111000001,0.093999997,388.5570068,174.2100067,12.38300037,139.1970062,5.551000118,0.853999972,26.47299957,20.92200089,318.5320129,102.0490036,103.7580032,20.49500084,48.67599869,4.697000027,34.58599854,0.853999972,0,1.281000018,2.023999929,2.941999912,1.164000034,386.8980103,560.2630005,372.3299866,406.7449951,449.5969849,3.563999891,6.263999939,1.67900002,2.069999933,33.64799881,13.45499992,11.41499996,2023
VAT,5,119,3496,23.79999924,4.323999882,29.60499954,14.67199993,1.764000058,1.113999963,5.18599987,3.069000006,-0.833000004,20.32999992,-0.583999991,28.10000038,-0.588,28.10000038,-0.907000005,18.40999985,0.442999989,67,-0.046,48.40000153,-2.757999897,0.300000012,-0.477999985,31.92000008,0.321999997,0.458000004,0.465999991,0.202000007,0.326000005,0.321999997,0.064999998,0.074000001,0.041000001,0.061999999,0.229000002,0.052999999,0.237000003,0.135000005,0.171000004,0.115000002,0.75999999,0.07,0.335999995,0.071000002,0.597000003,0.344999999,98.51499939,94.05799866,96.11000061,28.88999939,42.04800034,18.30699921,12.58600044,17.4489994,0,20.02300072,30.8920002,11.15600014,0.535000026,1.950000048,0.082000002,0.488999993,0.774999976,5.025000095,0.984000027,0.629999995,0.889999986,0.873000026,0.061000001,0.061000001,381.2929993,179.3480072,27.17399979,145.5950012,7.151000023,8.866999626,24.60000038,21.73900032,266.8770142,109.2679977,106.9789963,55.20500183,34.32500076,2.573999882,9.725000381,0.85799998,1.144000053,9.43900013,2.068000078,2.970000029,0.828999996,399.8500061,562.3540039,353.2810059,389.2290039,428.2290039,3.497999907,6.414999962,1.690999985,1.845999956,27.78199959,16.68300056,8.024000168,2023
VEN,66,115,2906,1.741999984,0.810000002,25.36499977,14.98799992,1.837000012,1.118000031,5.308000088,3.02699995,-0.995999992,16.11000061,-0.583000004,28.10000038,-0.165000007,43.63999939,-0.911000013,18.13999939,-0.55400002,29.12000084,-0.578999996,28.43000031,-1.993999958,2.329999924,0.046999998,51.59999847,0.280999988,0.474000007,0.412,0.236000001,0.391000003,0.333000004,0.057999998,0.07,0.046999998,0.083999999,0.237000003,0.082000002,0.185000002,0.145999998,0.208000004,0.123000003,0.223000005,0.180999994,0.328999996,0.136999995,0.592000008,0.345999986,91.84500122,94.43000031,83.62000275,23.39999962,24.77599907,9.979000092,8.94699955,20.64699936,0,20.99099922,27.18499947,15.48499966,0.289999992,1.30400002,0.063000001,0.409999996,0.855000019,5.183000088,1.110999942,0.656000018,0.888999999,0.870000005,0.063000001,0.056000002,395.7330017,167.2400055,20.64699936,140.0549927,5.162000179,5.162000179,17.54999924,18.9260006,304.8859863,99.10600281,106.3320007,32.68999863,46.45600128,0.344000012,30.62599945,1.376000047,0.688000023,4.129000187,1.952999949,2.920000076,0.989000022,403.8269958,554.375,369.8580017,406.5700073,444.0429993,3.299000025,6.166999817,1.822000027,1.995000005,25.77599907,15.94200039,5.230999947,2023
